ClientMAC,Vendor,FirstSeen,LastSeen,DurationSeconds,RandomizedMAC,ProbeCount,AssociationCount,RoamCount,AnomalyCount,RSSI_Strongest,RSSI_Weakest,RSSI_Average,DominantBand
00:3e:73:42:4e:a4,"Mist Systems, Inc.",1766154688.201210,1766154962.531308,274.330098,False,0,0,0,1,-69,-87,-80.55555555555556,5GHz
00:3e:73:42:4e:a5,"Mist Systems, Inc.",1766154688.201384,1766154962.531634,274.330250,False,0,0,0,0,-69,-86,-81.22142857142858,5GHz
00:3e:73:42:4e:a8,"Mist Systems, Inc.",1766154688.201646,1766154962.556644,274.354998,False,0,0,0,0,-69,-86,-80.98989898989899,5GHz
00:3e:73:42:4e:a9,"Mist Systems, Inc.",1766154688.201883,1766154962.532208,274.330325,False,0,0,0,0,-69,-86,-81.36986301369863,5GHz
00:3e:73:42:4e:aa,"Mist Systems, Inc.",1766154688.202132,1766154962.532423,274.330291,False,0,0,0,0,-76,-87,-81.48684210526316,5GHz
00:3e:73:42:4e:ab,"Mist Systems, Inc.",1766154688.202507,1766154962.558146,274.355639,False,0,0,0,0,-72,-87,-81.20952380952382,5GHz
00:3e:73:42:83:24,"Mist Systems, Inc.",1766154695.635581,1766154960.648592,265.013011,False,0,0,0,1,-60,-76,-67.19727891156462,5GHz
00:3e:73:42:83:25,"Mist Systems, Inc.",1766154695.635759,1766154960.648792,265.013033,False,0,0,0,0,-60,-73,-67.02605863192183,5GHz
00:3e:73:42:83:28,"Mist Systems, Inc.",1766154695.636007,1766154960.649046,265.013039,False,0,0,0,0,-60,-73,-67.03478260869565,5GHz
00:3e:73:42:83:29,"Mist Systems, Inc.",1766154695.636508,1766154960.649320,265.012812,False,0,0,0,0,-62,-74,-68.17142857142858,5GHz
00:3e:73:42:83:2a,"Mist Systems, Inc.",1766154695.739008,1766154960.649657,264.910649,False,0,0,0,0,-60,-73,-66.48235294117647,5GHz
00:3e:73:42:83:2b,"Mist Systems, Inc.",1766154695.636938,1766154960.649926,265.012988,False,0,0,0,0,-60,-74,-66.40677966101696,5GHz
00:3e:73:42:94:f9,"Mist Systems, Inc.",1766154723.612024,1766154723.612024,0.000000,False,0,0,0,0,-95,-95,-95.0,5GHz
00:3e:73:42:95:b4,"Mist Systems, Inc.",1766154707.522079,1766154963.216947,255.694868,False,0,0,0,1,-83,-92,-86.38356164383562,5GHz
00:3e:73:42:95:b5,"Mist Systems, Inc.",1766154707.624236,1766154954.000450,246.376214,False,0,0,0,0,-82,-90,-86.41269841269842,5GHz
00:3e:73:42:95:b8,"Mist Systems, Inc.",1766154707.624541,1766154963.217637,255.593096,False,0,0,0,0,-83,-92,-86.64383561643835,5GHz
00:3e:73:42:95:b9,"Mist Systems, Inc.",1766154707.624763,1766154954.000929,246.376166,False,0,0,0,0,-83,-89,-86.65517241379311,5GHz
00:3e:73:42:95:ba,"Mist Systems, Inc.",1766154707.625008,1766154954.001199,246.376191,False,0,0,0,0,-82,-91,-86.6875,5GHz
00:3e:73:42:95:bb,"Mist Systems, Inc.",1766154707.625425,1766154963.218456,255.593031,False,0,0,0,0,-82,-92,-86.55813953488372,5GHz
00:3e:73:42:95:d2,"Mist Systems, Inc.",1766154734.358647,1766154952.778326,218.419679,False,0,0,0,0,-73,-81,-77.7,2.4GHz
00:3e:73:42:95:d3,"Mist Systems, Inc.",1766154697.290187,1766154952.881089,255.590902,False,0,0,0,0,-73,-81,-77.6875,2.4GHz
00:3e:73:42:95:d5,"Mist Systems, Inc.",1766154734.461632,1766154952.779008,218.317376,False,0,0,0,0,-75,-78,-76.66666666666667,2.4GHz
00:3e:73:42:9f:74,"Mist Systems, Inc.",1766154689.877667,1766154964.311985,274.434318,False,0,0,0,1,-76,-91,-83.73076923076923,5GHz
00:3e:73:42:9f:75,"Mist Systems, Inc.",1766154689.877771,1766154964.312241,274.434470,False,0,0,0,0,-69,-91,-83.91176470588235,5GHz
00:3e:73:42:9f:78,"Mist Systems, Inc.",1766154689.878258,1766154964.312449,274.434191,False,0,0,0,0,-76,-91,-83.6923076923077,5GHz
00:3e:73:42:9f:79,"Mist Systems, Inc.",1766154689.878418,1766154964.312861,274.434443,False,0,0,0,0,-70,-91,-83.56470588235294,5GHz
00:3e:73:42:9f:7a,"Mist Systems, Inc.",1766154689.878693,1766154964.313012,274.434319,False,0,0,0,0,-70,-90,-83.06315789473685,5GHz
00:3e:73:42:9f:7b,"Mist Systems, Inc.",1766154689.879089,1766154964.313356,274.434267,False,0,0,0,0,-73,-90,-83.41489361702128,5GHz
00:3e:73:42:b0:e4,"Mist Systems, Inc.",1766154690.071222,1766154964.569195,274.497973,False,0,0,0,1,-65,-81,-72.5609756097561,5GHz
00:3e:73:42:b0:e5,"Mist Systems, Inc.",1766154690.071308,1766154964.504046,274.432738,False,0,0,0,0,-66,-80,-71.01840490797547,5GHz
00:3e:73:42:b0:e8,"Mist Systems, Inc.",1766154690.071554,1766154964.511414,274.439860,False,0,0,0,0,-66,-80,-72.25961538461539,5GHz
00:3e:73:42:b0:e9,"Mist Systems, Inc.",1766154690.071986,1766154964.504633,274.432647,False,0,0,0,0,-65,-80,-71.8157894736842,5GHz
00:3e:73:42:b0:ea,"Mist Systems, Inc.",1766154690.072257,1766154964.504883,274.432626,False,0,0,0,0,-65,-80,-72.56470588235294,5GHz
00:3e:73:42:b0:eb,"Mist Systems, Inc.",1766154690.072422,1766154964.505134,274.432712,False,0,0,0,0,-65,-80,-73.25490196078431,5GHz
00:3e:73:42:b1:02,"Mist Systems, Inc.",1766154688.927336,1766154966.942911,278.015575,False,0,0,0,0,-54,-72,-62.63090128755365,2.4GHz
00:3e:73:42:b1:03,"Mist Systems, Inc.",1766154688.916833,1766154966.943350,278.026517,False,0,0,0,0,-50,-72,-62.41187050359712,2.4GHz
00:3e:73:42:b1:05,"Mist Systems, Inc.",1766154688.928047,1766154966.943601,278.015554,False,0,0,0,0,-54,-71,-62.46280991735537,2.4GHz
00:3e:73:42:b1:74,"Mist Systems, Inc.",1766154688.655960,1766154962.885187,274.229227,False,0,0,0,1,-78,-94,-88.54807692307692,5GHz
00:3e:73:42:b1:75,"Mist Systems, Inc.",1766154688.656340,1766154962.989793,274.333453,False,0,0,0,0,-78,-94,-88.45833333333333,5GHz
00:3e:73:42:b1:78,"Mist Systems, Inc.",1766154688.656556,1766154953.772137,265.115581,False,0,0,0,0,-70,-94,-87.92307692307692,5GHz
00:3e:73:42:b1:79,"Mist Systems, Inc.",1766154688.656777,1766154953.772418,265.115641,False,0,0,0,0,-78,-94,-87.77966101694915,5GHz
00:3e:73:42:b1:7a,"Mist Systems, Inc.",1766154688.657023,1766154953.772634,265.115611,False,0,0,0,0,-70,-94,-87.92307692307692,5GHz
00:3e:73:42:b1:7b,"Mist Systems, Inc.",1766154688.657426,1766154953.773008,265.115582,False,0,0,0,0,-78,-94,-87.92307692307692,5GHz
00:3e:73:42:b1:92,"Mist Systems, Inc.",1766154698.301285,1766154946.213059,247.911774,False,0,0,0,0,-63,-82,-75.83870967741936,2.4GHz
00:3e:73:42:b1:93,"Mist Systems, Inc.",1766154702.705031,1766154851.268207,148.563176,False,0,0,0,0,-62,-82,-75.42622950819673,2.4GHz
00:3e:73:42:b1:95,"Mist Systems, Inc.",1766154700.247632,1766154835.109785,134.862153,False,0,0,0,0,-69,-79,-74.47619047619048,2.4GHz
00:3e:73:42:b4:a4,"Mist Systems, Inc.",1766154689.657086,1766154963.987559,274.330473,False,0,0,0,1,-76,-92,-84.95555555555555,5GHz
00:3e:73:42:b4:a5,"Mist Systems, Inc.",1766154689.657303,1766154964.021556,274.364253,False,0,0,0,0,-69,-92,-84.3391304347826,5GHz
00:3e:73:42:b4:a8,"Mist Systems, Inc.",1766154689.657549,1766154963.988035,274.330486,False,0,0,0,0,-70,-92,-84.8735632183908,5GHz
00:3e:73:42:b4:a9,"Mist Systems, Inc.",1766154689.657799,1766154963.988313,274.330514,False,0,0,0,0,-70,-92,-84.74647887323944,5GHz
00:3e:73:42:b4:aa,"Mist Systems, Inc.",1766154689.658153,1766154963.988657,274.330504,False,0,0,0,0,-77,-92,-84.94520547945206,5GHz
00:3e:73:42:b4:ab,"Mist Systems, Inc.",1766154689.658424,1766154963.988882,274.330458,False,0,0,0,0,-69,-92,-84.55319148936171,5GHz
00:3e:73:42:b5:c4,"Mist Systems, Inc.",1766154688.954628,1766154963.181896,274.227268,False,0,0,0,1,-77,-89,-84.83544303797468,5GHz
00:3e:73:42:b5:c5,"Mist Systems, Inc.",1766154688.954771,1766154963.200535,274.245764,False,0,0,0,0,-72,-90,-84.10194174757281,5GHz
00:3e:73:42:b5:c8,"Mist Systems, Inc.",1766154688.955054,1766154963.229899,274.274845,False,0,0,0,0,-77,-90,-84.82089552238806,5GHz
00:3e:73:42:b5:c9,"Mist Systems, Inc.",1766154688.955355,1766154963.182757,274.227402,False,0,0,0,0,-77,-90,-84.94827586206897,5GHz
00:3e:73:42:b5:ca,"Mist Systems, Inc.",1766154688.955680,1766154963.080713,274.125033,False,0,0,0,0,-77,-90,-84.3731343283582,5GHz
00:3e:73:42:b5:cb,"Mist Systems, Inc.",1766154688.938202,1766154963.080901,274.142699,False,0,0,0,0,-77,-90,-84.91489361702128,5GHz
00:3e:73:42:b5:e2,"Mist Systems, Inc.",1766154688.948367,1766154959.181932,270.233565,False,0,0,0,0,-64,-80,-73.01282051282051,2.4GHz
00:3e:73:42:b5:e3,"Mist Systems, Inc.",1766154688.943597,1766154953.755027,264.811430,False,0,0,0,0,-65,-83,-72.41960784313726,2.4GHz
00:3e:73:42:b5:e5,"Mist Systems, Inc.",1766154688.949055,1766154949.352052,260.402997,False,0,0,0,0,-65,-80,-72.20224719101124,2.4GHz
00:3e:73:42:b7:14,"Mist Systems, Inc.",1766154695.649187,1766154960.661833,265.012646,False,0,0,0,1,-68,-86,-79.18446601941747,5GHz
00:3e:73:42:b7:15,"Mist Systems, Inc.",1766154695.649425,1766154960.662045,265.012620,False,0,0,0,0,-68,-87,-79.17088607594937,5GHz
00:3e:73:42:b7:18,"Mist Systems, Inc.",1766154695.649675,1766154960.662472,265.012797,False,0,0,0,0,-68,-87,-79.47311827956989,5GHz
00:3e:73:42:b7:19,"Mist Systems, Inc.",1766154695.650029,1766154960.662663,265.012634,False,0,0,0,0,-68,-87,-78.20833333333333,5GHz
00:3e:73:42:b7:1a,"Mist Systems, Inc.",1766154695.650299,1766154960.662926,265.012627,False,0,0,0,0,-68,-87,-79.93506493506493,5GHz
00:3e:73:42:b7:1b,"Mist Systems, Inc.",1766154695.650551,1766154960.663284,265.012733,False,0,0,0,0,-69,-86,-80.07272727272728,5GHz
00:3e:73:42:b7:32,"Mist Systems, Inc.",1766154689.199142,1766154965.066032,275.866890,False,0,0,0,0,-60,-78,-70.34545454545454,2.4GHz
00:3e:73:42:b7:33,"Mist Systems, Inc.",1766154689.199569,1766154967.116017,277.916448,False,0,0,0,1,-42,-80,-69.043,2.4GHz
00:3e:73:42:b7:35,"Mist Systems, Inc.",1766154689.199823,1766154964.964897,275.765074,False,0,0,0,0,-59,-79,-69.31625183016105,2.4GHz
00:3e:73:42:b8:64,"Mist Systems, Inc.",1766154695.398308,1766154960.410964,265.012656,False,0,0,0,1,-71,-88,-79.85365853658537,5GHz
00:3e:73:42:b8:65,"Mist Systems, Inc.",1766154695.398525,1766154960.411137,265.012612,False,0,0,0,0,-68,-88,-78.812,5GHz
00:3e:73:42:b8:68,"Mist Systems, Inc.",1766154695.398769,1766154960.411383,265.012614,False,0,0,0,0,-68,-88,-78.89041095890411,5GHz
00:3e:73:42:b8:69,"Mist Systems, Inc.",1766154695.399092,1766154960.411633,265.012541,False,0,0,0,0,-68,-87,-78.72602739726027,5GHz
00:3e:73:42:b8:6a,"Mist Systems, Inc.",1766154695.399434,1766154960.412046,265.012612,False,0,0,0,0,-68,-88,-80.09876543209876,5GHz
00:3e:73:42:b8:6b,"Mist Systems, Inc.",1766154695.399675,1766154960.412299,265.012624,False,0,0,0,0,-68,-87,-79.83132530120481,5GHz
00:3e:73:42:be:04,"Mist Systems, Inc.",1766154689.453342,1766154963.578794,274.125452,False,0,0,0,1,-72,-87,-80.45945945945945,5GHz
00:3e:73:42:be:05,"Mist Systems, Inc.",1766154689.453540,1766154963.579011,274.125471,False,0,0,0,0,-72,-87,-81.03875968992249,5GHz
00:3e:73:42:be:08,"Mist Systems, Inc.",1766154689.453895,1766154963.579383,274.125488,False,0,0,0,0,-74,-87,-80.27777777777777,5GHz
00:3e:73:42:be:09,"Mist Systems, Inc.",1766154689.454175,1766154963.579633,274.125458,False,0,0,0,0,-72,-86,-80.88235294117646,5GHz
00:3e:73:42:be:0a,"Mist Systems, Inc.",1766154689.454480,1766154963.579883,274.125403,False,0,0,0,0,-73,-87,-80.66233766233766,5GHz
00:3e:73:42:be:0b,"Mist Systems, Inc.",1766154689.454812,1766154963.580329,274.125517,False,0,0,0,0,-73,-87,-80.19417475728156,5GHz
00:3e:73:42:be:22,"Mist Systems, Inc.",1766154687.940832,1766154962.270472,274.329640,False,0,0,0,0,-48,-77,-70.3989898989899,2.4GHz
00:3e:73:42:be:23,"Mist Systems, Inc.",1766154687.941258,1766154962.270758,274.329500,False,0,0,0,0,-58,-80,-69.6897880539499,2.4GHz
00:3e:73:42:be:25,"Mist Systems, Inc.",1766154687.941508,1766154956.638947,268.697439,False,0,0,0,0,-60,-77,-68.87096774193549,2.4GHz
00:3e:73:42:be:34,"Mist Systems, Inc.",1766154691.459042,1766154965.861507,274.402465,False,0,0,0,1,-68,-91,-80.07920792079207,5GHz
00:3e:73:42:be:35,"Mist Systems, Inc.",1766154691.460886,1766154965.861634,274.400748,False,0,0,0,0,-67,-91,-80.24590163934427,5GHz
00:3e:73:42:be:38,"Mist Systems, Inc.",1766154691.531384,1766154965.861883,274.330499,False,0,0,0,0,-68,-91,-80.725,5GHz
00:3e:73:42:be:39,"Mist Systems, Inc.",1766154691.531633,1766154965.862258,274.330625,False,0,0,0,0,-68,-93,-79.68493150684931,5GHz
00:3e:73:42:be:3a,"Mist Systems, Inc.",1766154691.531882,1766154965.862508,274.330626,False,0,0,0,0,-70,-94,-80.83116883116882,5GHz
00:3e:73:42:be:3b,"Mist Systems, Inc.",1766154691.532439,1766154965.862758,274.330319,False,0,0,0,0,-70,-90,-80.9047619047619,5GHz
00:3e:73:42:be:f4,"Mist Systems, Inc.",1766154704.765438,1766154932.299344,227.533906,False,0,0,0,1,-86,-94,-90.03125,5GHz
00:3e:73:42:be:f5,"Mist Systems, Inc.",1766154704.694085,1766154932.299553,227.605468,False,0,0,0,0,-85,-95,-89.5925925925926,5GHz
00:3e:73:42:be:f8,"Mist Systems, Inc.",1766154704.766048,1766154932.299759,227.533711,False,0,0,0,0,-86,-94,-90.96153846153847,5GHz
00:3e:73:42:be:f9,"Mist Systems, Inc.",1766154704.766298,1766154932.300008,227.533710,False,0,0,0,0,-86,-95,-90.81818181818181,5GHz
00:3e:73:42:be:fa,"Mist Systems, Inc.",1766154704.766625,1766154932.300478,227.533853,False,0,0,0,0,-86,-94,-90.52173913043478,5GHz
00:3e:73:42:be:fb,"Mist Systems, Inc.",1766154704.766930,1766154932.300656,227.533726,False,0,0,0,0,-86,-95,-91.29629629629629,5GHz
00:3e:73:42:bf:12,"Mist Systems, Inc.",1766154703.561327,1766154826.749233,123.187906,False,0,0,0,0,-75,-85,-78.3125,2.4GHz
00:3e:73:42:bf:13,"Mist Systems, Inc.",1766154703.728707,1766154949.835208,246.106501,False,0,0,0,0,-74,-82,-78.11111111111111,2.4GHz
00:3e:73:42:bf:15,"Mist Systems, Inc.",1766154703.766757,1766154797.872917,94.106160,False,0,0,0,0,-76,-80,-78.0,2.4GHz
00:3e:73:42:bf:24,"Mist Systems, Inc.",1766154708.899582,1766154954.968103,246.068521,False,0,0,0,1,-86,-94,-89.88888888888889,5GHz
00:3e:73:42:bf:25,"Mist Systems, Inc.",1766154708.899758,1766154945.786276,236.886518,False,0,0,0,0,-86,-94,-90.76785714285714,5GHz
00:3e:73:42:bf:28,"Mist Systems, Inc.",1766154708.900047,1766154954.968546,246.068499,False,0,0,0,0,-86,-94,-90.80952380952381,5GHz
00:3e:73:42:bf:29,"Mist Systems, Inc.",1766154708.900415,1766154945.752798,236.852383,False,0,0,0,0,-86,-94,-90.3125,5GHz
00:3e:73:42:bf:2a,"Mist Systems, Inc.",1766154708.900633,1766154945.650633,236.750000,False,0,0,0,0,-86,-94,-90.47619047619048,5GHz
00:3e:73:42:bf:2b,"Mist Systems, Inc.",1766154708.900884,1766154850.745431,141.844547,False,0,0,0,0,-86,-94,-90.8,5GHz
00:3e:73:42:c0:14,"Mist Systems, Inc.",1766154736.324716,1766154954.233082,217.908366,False,0,0,0,0,-88,-90,-89.33333333333333,5GHz
00:3e:73:42:c0:15,"Mist Systems, Inc.",1766154717.380962,1766154954.233259,236.852297,False,0,0,0,0,-87,-91,-89.58333333333333,5GHz
00:3e:73:42:c0:18,"Mist Systems, Inc.",1766154783.614328,1766154783.634385,0.020057,False,0,0,0,0,-90,-94,-91.33333333333333,5GHz
00:3e:73:42:c0:19,"Mist Systems, Inc.",1766154717.381521,1766154954.336313,236.954792,False,0,0,0,0,-89,-91,-90.0,5GHz
00:3e:73:42:c0:1a,"Mist Systems, Inc.",1766154755.884474,1766154783.634884,27.750410,False,0,0,0,0,-89,-90,-89.5,5GHz
00:3e:73:42:c0:1b,"Mist Systems, Inc.",1766154717.382010,1766154783.617135,66.235125,False,0,0,0,0,-90,-90,-90.0,5GHz
00:3e:73:42:c1:04,"Mist Systems, Inc.",1766154726.120601,1766154895.900590,169.779989,False,0,0,0,0,-91,-95,-93.25,5GHz
00:3e:73:42:c1:05,"Mist Systems, Inc.",1766154726.097794,1766154934.927809,208.830015,False,0,0,0,0,-92,-95,-93.47368421052632,5GHz
00:3e:73:42:c1:08,"Mist Systems, Inc.",1766154895.696626,1766154895.798514,0.101888,False,0,0,0,0,-93,-93,-93.0,5GHz
00:3e:73:42:c1:09,"Mist Systems, Inc.",1766154895.696699,1766154915.562010,19.865311,False,0,0,0,0,-92,-95,-93.33333333333333,5GHz
00:3e:73:42:c1:0a,"Mist Systems, Inc.",1766154895.696904,1766154895.901664,0.204760,False,0,0,0,0,-93,-94,-93.33333333333333,5GHz
00:3e:73:42:c1:0b,"Mist Systems, Inc.",1766154726.121885,1766154934.916419,208.794534,False,0,0,0,0,-93,-94,-93.6,5GHz
00:3e:73:42:c1:64,"Mist Systems, Inc.",1766154693.740839,1766154920.545277,226.804438,False,0,0,0,1,-87,-94,-90.625,5GHz
00:3e:73:42:c1:65,"Mist Systems, Inc.",1766154712.104262,1766154958.511633,246.407371,False,0,0,0,0,-87,-93,-90.34246575342466,5GHz
00:3e:73:42:c1:68,"Mist Systems, Inc.",1766154702.957383,1766154958.549059,255.591676,False,0,0,0,0,-86,-93,-89.58823529411765,5GHz
00:3e:73:42:c1:69,"Mist Systems, Inc.",1766154703.060008,1766154958.446886,255.386878,False,0,0,0,0,-87,-93,-89.61904761904762,5GHz
00:3e:73:42:c1:6a,"Mist Systems, Inc.",1766154703.060486,1766154958.447133,255.386647,False,0,0,0,0,-86,-94,-90.36,5GHz
00:3e:73:42:c1:6b,"Mist Systems, Inc.",1766154703.060657,1766154958.549905,255.489248,False,0,0,0,0,-86,-94,-90.4375,5GHz
00:3e:73:42:c1:94,"Mist Systems, Inc.",1766154712.163195,1766154863.199965,151.036770,False,0,0,0,1,-91,-94,-92.66666666666667,5GHz
00:3e:73:42:c1:95,"Mist Systems, Inc.",1766154712.163509,1766154949.218789,237.055280,False,0,0,0,0,-91,-93,-92.57142857142857,5GHz
00:3e:73:42:c1:98,"Mist Systems, Inc.",1766154712.163759,1766154949.221420,237.057661,False,0,0,0,0,-90,-95,-92.33333333333333,5GHz
00:3e:73:42:c1:99,"Mist Systems, Inc.",1766154712.164047,1766154949.324110,237.160063,False,0,0,0,0,-91,-93,-92.0,5GHz
00:3e:73:42:c1:9a,"Mist Systems, Inc.",1766154712.164292,1766154939.903434,227.739142,False,0,0,0,0,-91,-95,-92.5,5GHz
00:3e:73:42:c1:9b,"Mist Systems, Inc.",1766154712.164633,1766154863.224636,151.060003,False,0,0,0,0,-90,-93,-91.5,5GHz
00:3e:73:42:c1:c4,"Mist Systems, Inc.",1766154704.958052,1766154856.174384,151.216332,False,0,0,0,1,-89,-93,-90.85714285714286,5GHz
00:3e:73:42:c1:c5,"Mist Systems, Inc.",1766154705.031633,1766154751.657650,46.626017,False,0,0,0,0,-89,-93,-90.33333333333333,5GHz
00:3e:73:42:c1:c8,"Mist Systems, Inc.",1766154714.350384,1766154751.726636,37.376252,False,0,0,0,0,-90,-93,-91.0,5GHz
00:3e:73:42:c1:c9,"Mist Systems, Inc.",1766154705.032282,1766154751.726786,46.694504,False,0,0,0,0,-89,-91,-90.0,5GHz
00:3e:73:42:c1:ca,"Mist Systems, Inc.",1766154705.032395,1766154751.727140,46.694745,False,0,0,0,0,-90,-90,-90.0,5GHz
00:3e:73:42:c1:cb,"Mist Systems, Inc.",1766154751.625182,1766154856.175758,104.550576,False,0,0,0,0,-90,-91,-90.66666666666667,5GHz
00:3e:73:42:c1:f4,"Mist Systems, Inc.",1766154731.574835,1766154940.573422,208.998587,False,0,0,0,0,-91,-95,-93.27272727272727,5GHz
00:3e:73:42:c1:f5,"Mist Systems, Inc.",1766154769.463212,1766154911.901646,142.438434,False,0,0,0,0,-90,-94,-91.61111111111111,5GHz
00:3e:73:42:c1:f8,"Mist Systems, Inc.",1766154731.575385,1766154940.369203,208.793818,False,0,0,0,0,-90,-95,-93.3076923076923,5GHz
00:3e:73:42:c1:f9,"Mist Systems, Inc.",1766154731.575633,1766154911.902133,180.326500,False,0,0,0,0,-91,-95,-92.9090909090909,5GHz
00:3e:73:42:c1:fa,"Mist Systems, Inc.",1766154769.463883,1766154940.472051,171.008168,False,0,0,0,0,-90,-95,-93.0909090909091,5GHz
00:3e:73:42:c1:fb,"Mist Systems, Inc.",1766154731.576147,1766154911.902756,180.326609,False,0,0,0,0,-90,-95,-92.63636363636364,5GHz
00:3e:73:42:c2:12,"Mist Systems, Inc.",1766154912.065052,1766154912.065052,0.000000,False,0,0,0,0,-83,-83,-83.0,2.4GHz
00:3e:73:42:c2:13,"Mist Systems, Inc.",1766154931.222207,1766154940.644687,9.422480,False,0,0,0,0,-81,-82,-81.5,2.4GHz
00:3e:73:42:c2:84,"Mist Systems, Inc.",1766154705.559342,1766154923.315510,217.756168,False,0,0,0,1,-82,-92,-86.61224489795919,5GHz
00:3e:73:42:c2:85,"Mist Systems, Inc.",1766154705.559679,1766154961.253515,255.693836,False,0,0,0,0,-82,-93,-86.44186046511628,5GHz
00:3e:73:42:c2:88,"Mist Systems, Inc.",1766154705.559930,1766154932.815458,227.255528,False,0,0,0,0,-82,-92,-86.88,5GHz
00:3e:73:42:c2:89,"Mist Systems, Inc.",1766154705.560257,1766154923.161089,217.600832,False,0,0,0,0,-82,-91,-86.62068965517241,5GHz
00:3e:73:42:c2:8a,"Mist Systems, Inc.",1766154705.560543,1766154951.888008,246.327465,False,0,0,0,0,-81,-92,-86.31914893617021,5GHz
00:3e:73:42:c2:8b,"Mist Systems, Inc.",1766154705.560891,1766154913.945509,208.384618,False,0,0,0,0,-81,-92,-86.63793103448276,5GHz
00:3e:73:42:c4:c4,"Mist Systems, Inc.",1766154706.550203,1766154715.868614,9.318411,False,0,0,0,0,-88,-93,-90.0,5GHz
00:3e:73:42:c4:c5,"Mist Systems, Inc.",1766154706.550384,1766154715.868930,9.318546,False,0,0,0,0,-89,-93,-90.33333333333333,5GHz
00:3e:73:42:c4:c9,"Mist Systems, Inc.",1766154715.767009,1766154715.869413,0.102404,False,0,0,0,0,-88,-89,-88.5,5GHz
00:3e:73:42:c4:ca,"Mist Systems, Inc.",1766154706.551133,1766154725.085805,18.534672,False,0,0,0,0,-89,-93,-91.0,5GHz
00:3e:73:42:c4:cb,"Mist Systems, Inc.",1766154715.767635,1766154715.870052,0.102417,False,0,0,0,0,-89,-89,-89.0,5GHz
00:3e:73:42:c5:b4,"Mist Systems, Inc.",1766154708.607446,1766154945.460333,236.852887,False,0,0,0,0,-89,-94,-91.83333333333333,5GHz
00:3e:73:42:c5:b5,"Mist Systems, Inc.",1766154699.391730,1766154945.460509,246.068779,False,0,0,0,0,-88,-95,-92.53846153846153,5GHz
00:3e:73:42:c5:b8,"Mist Systems, Inc.",1766154708.608045,1766154945.563333,236.955288,False,0,0,0,0,-89,-94,-92.57142857142857,5GHz
00:3e:73:42:c5:b9,"Mist Systems, Inc.",1766154699.392474,1766154945.563538,246.171064,False,0,0,0,0,-89,-94,-92.92307692307692,5GHz
00:3e:73:42:c5:ba,"Mist Systems, Inc.",1766154708.608662,1766154945.563768,236.955106,False,0,0,0,0,-89,-94,-92.35714285714286,5GHz
00:3e:73:42:c5:bb,"Mist Systems, Inc.",1766154708.608891,1766154945.564244,236.955353,False,0,0,0,0,-89,-94,-92.57142857142857,5GHz
00:3e:73:42:c9:d4,"Mist Systems, Inc.",1766154694.697219,1766154959.914710,265.217491,False,0,0,0,1,-60,-78,-68.07751937984496,5GHz
00:3e:73:42:c9:d5,"Mist Systems, Inc.",1766154694.697432,1766154959.914888,265.217456,False,0,0,0,0,-60,-77,-69.0575221238938,5GHz
00:3e:73:42:c9:d8,"Mist Systems, Inc.",1766154694.697787,1766154959.915146,265.217359,False,0,0,0,0,-60,-78,-68.83870967741936,5GHz
00:3e:73:42:c9:d9,"Mist Systems, Inc.",1766154694.698005,1766154959.915405,265.217400,False,0,0,0,0,-60,-78,-69.27777777777777,5GHz
00:3e:73:42:c9:da,"Mist Systems, Inc.",1766154694.698258,1766154959.915637,265.217379,False,0,0,0,0,-60,-78,-68.48,5GHz
00:3e:73:42:c9:db,"Mist Systems, Inc.",1766154694.698677,1766154959.916020,265.217343,False,0,0,0,0,-60,-78,-68.97321428571429,5GHz
00:3e:73:42:ca:39,"Mist Systems, Inc.",1766154734.167413,1766154734.167413,0.000000,False,0,0,0,0,-91,-91,-91.0,5GHz
00:3e:73:42:ca:3b,"Mist Systems, Inc.",1766154734.214184,1766154734.215260,0.001076,False,0,0,0,0,-91,-92,-91.5,5GHz
00:3e:73:42:d1:b4,"Mist Systems, Inc.",1766154725.337418,1766154962.599546,237.262128,False,0,0,0,1,-82,-88,-85.05405405405405,5GHz
00:3e:73:42:d1:b5,"Mist Systems, Inc.",1766154725.337771,1766154962.497423,237.159652,False,0,0,0,0,-80,-88,-84.4551282051282,5GHz
00:3e:73:42:d1:b8,"Mist Systems, Inc.",1766154725.338009,1766154962.600133,237.262124,False,0,0,0,0,-82,-88,-84.98529411764706,5GHz
00:3e:73:42:d1:b9,"Mist Systems, Inc.",1766154725.338259,1766154962.498009,237.159750,False,0,0,0,0,-82,-87,-84.89655172413794,5GHz
00:3e:73:42:d1:ba,"Mist Systems, Inc.",1766154725.338509,1766154962.498258,237.159749,False,0,0,0,0,-82,-88,-84.78378378378379,5GHz
00:3e:73:42:d1:bb,"Mist Systems, Inc.",1766154725.338884,1766154962.601040,237.262156,False,0,0,0,0,-82,-87,-84.79746835443038,5GHz
00:3e:73:42:d1:d2,"Mist Systems, Inc.",1766154689.354888,1766154967.372064,278.017176,False,0,0,0,0,-51,-80,-70.89299363057324,2.4GHz
00:3e:73:42:d1:d3,"Mist Systems, Inc.",1766154689.252985,1766154967.328110,278.075125,False,0,0,0,1,-46,-82,-69.86895910780669,2.4GHz
00:3e:73:42:d1:d5,"Mist Systems, Inc.",1766154689.662807,1766154967.372754,277.709947,False,0,0,0,1,-44,-80,-69.70479704797047,2.4GHz
00:3e:73:42:d5:a4,"Mist Systems, Inc.",1766154706.248339,1766154952.254046,246.005707,False,0,0,0,1,-90,-94,-92.43333333333334,5GHz
00:3e:73:42:d5:a5,"Mist Systems, Inc.",1766154706.146205,1766154952.216795,246.070590,False,0,0,0,0,-88,-94,-91.92957746478874,5GHz
00:3e:73:42:d5:a8,"Mist Systems, Inc.",1766154706.146403,1766154952.215136,246.068733,False,0,0,0,0,-89,-95,-91.64285714285714,5GHz
00:3e:73:42:d5:a9,"Mist Systems, Inc.",1766154706.146644,1766154933.578507,227.431863,False,0,0,0,0,-89,-94,-92.05555555555556,5GHz
00:3e:73:42:d5:aa,"Mist Systems, Inc.",1766154706.146967,1766154942.897340,236.750373,False,0,0,0,0,-89,-94,-91.84210526315789,5GHz
00:3e:73:42:d5:ab,"Mist Systems, Inc.",1766154706.147309,1766154952.216145,246.068836,False,0,0,0,0,-90,-94,-91.81481481481481,5GHz
00:3e:73:42:d6:f4,"Mist Systems, Inc.",1766154702.866522,1766154958.460804,255.594282,False,0,0,0,1,-80,-92,-86.13513513513513,5GHz
00:3e:73:42:d6:f5,"Mist Systems, Inc.",1766154693.653437,1766154958.563555,264.910118,False,0,0,0,0,-80,-93,-86.98473282442748,5GHz
00:3e:73:42:d6:f8,"Mist Systems, Inc.",1766154693.653674,1766154958.563782,264.910108,False,0,0,0,0,-72,-93,-86.63636363636364,5GHz
00:3e:73:42:d6:f9,"Mist Systems, Inc.",1766154693.653924,1766154958.564008,264.910084,False,0,0,0,0,-69,-93,-86.66666666666667,5GHz
00:3e:73:42:d6:fa,"Mist Systems, Inc.",1766154693.654277,1766154958.564415,264.910138,False,0,0,0,0,-80,-94,-86.72602739726027,5GHz
00:3e:73:42:d6:fb,"Mist Systems, Inc.",1766154702.870627,1766154958.564636,255.694009,False,0,0,0,0,-79,-92,-86.58974358974359,5GHz
00:3e:73:42:d7:12,"Mist Systems, Inc.",1766154737.745156,1766154955.755697,218.010541,False,0,0,0,0,-71,-82,-77.4375,2.4GHz
00:3e:73:42:d7:13,"Mist Systems, Inc.",1766154728.120056,1766154946.335188,218.215132,False,0,0,0,0,-74,-81,-76.93333333333334,2.4GHz
00:3e:73:42:d7:15,"Mist Systems, Inc.",1766154869.842759,1766154955.551508,85.708749,False,0,0,0,0,-74,-79,-76.71428571428571,2.4GHz
00:3e:73:42:d7:84,"Mist Systems, Inc.",1766154698.719212,1766154859.181560,160.462348,False,0,0,0,1,-84,-93,-87.38888888888889,5GHz
00:3e:73:42:d7:85,"Mist Systems, Inc.",1766154698.719509,1766154849.863258,151.143749,False,0,0,0,0,-85,-92,-87.42857142857143,5GHz
00:3e:73:42:d7:88,"Mist Systems, Inc.",1766154698.719758,1766154859.182134,160.462376,False,0,0,0,0,-84,-91,-87.34482758620689,5GHz
00:3e:73:42:d7:89,"Mist Systems, Inc.",1766154698.720008,1766154849.863883,151.143875,False,0,0,0,0,-84,-90,-87.17857142857143,5GHz
00:3e:73:42:d7:8a,"Mist Systems, Inc.",1766154698.720311,1766154849.864147,151.143836,False,0,0,0,0,-84,-90,-87.36666666666666,5GHz
00:3e:73:42:d7:8b,"Mist Systems, Inc.",1766154698.720633,1766154849.864415,151.143782,False,0,0,0,0,-84,-93,-87.59375,5GHz
00:3e:73:42:d7:a2,"Mist Systems, Inc.",1766154700.025727,1766154835.809237,135.783510,False,0,0,0,0,-67,-82,-76.4225352112676,2.4GHz
00:3e:73:42:d7:a3,"Mist Systems, Inc.",1766154702.790845,1766154937.002883,234.212038,False,0,0,0,0,-69,-87,-76.68627450980392,2.4GHz
00:3e:73:42:d7:a5,"Mist Systems, Inc.",1766154700.026383,1766154832.328464,132.302081,False,0,0,0,0,-71,-79,-75.89655172413794,2.4GHz
00:3e:73:70:e4:81,"Mist Systems, Inc.",1766154791.296436,1766154791.296436,0.000000,False,0,0,0,0,-79,-79,-79.0,2.4GHz
00:3e:73:70:eb:53,"Mist Systems, Inc.",1766154707.486803,1766154963.180132,255.693329,False,0,0,0,1,-78,-88,-83.23809523809524,5GHz
00:3e:73:70:eb:54,"Mist Systems, Inc.",1766154707.487053,1766154963.180294,255.693241,False,0,0,0,0,-77,-88,-83.15,5GHz
00:3e:73:70:eb:56,"Mist Systems, Inc.",1766154707.487298,1766154963.180508,255.693210,False,0,0,0,0,-78,-90,-83.90350877192982,5GHz
00:3e:73:70:eb:57,"Mist Systems, Inc.",1766154707.487527,1766154963.180759,255.693232,False,0,0,0,0,-78,-89,-83.63888888888889,5GHz
00:3e:73:70:eb:58,"Mist Systems, Inc.",1766154689.159226,1766154963.181382,274.022156,False,0,0,0,0,-78,-90,-83.7910447761194,5GHz
00:3e:73:70:eb:73,"Mist Systems, Inc.",1766154725.166012,1766154939.181689,214.015677,False,0,0,0,0,-72,-80,-75.88235294117646,2.4GHz
00:3e:73:70:eb:74,"Mist Systems, Inc.",1766154772.815335,1766154925.972034,153.156699,False,0,0,0,0,-72,-78,-76.0,2.4GHz
00:3e:73:70:eb:75,"Mist Systems, Inc.",1766154725.166634,1766154956.799989,231.633355,False,0,0,0,0,-70,-79,-75.41666666666667,2.4GHz
00:3e:73:70:f3:33,"Mist Systems, Inc.",1766154697.069696,1766154952.660843,255.591147,False,0,0,0,1,-88,-93,-90.17391304347827,5GHz
00:3e:73:70:f3:34,"Mist Systems, Inc.",1766154697.070024,1766154952.661173,255.591149,False,0,0,0,0,-88,-93,-90.11764705882354,5GHz
00:3e:73:70:f3:36,"Mist Systems, Inc.",1766154697.070298,1766154952.661435,255.591137,False,0,0,0,0,-87,-93,-89.82608695652173,5GHz
00:3e:73:70:f3:37,"Mist Systems, Inc.",1766154697.070625,1766154952.661678,255.591053,False,0,0,0,0,-87,-93,-89.61538461538461,5GHz
00:3e:73:70:f3:38,"Mist Systems, Inc.",1766154696.968711,1766154961.981128,265.012417,False,0,0,0,0,-87,-95,-90.84210526315789,5GHz
00:3e:73:71:01:01,"Mist Systems, Inc.",1766154693.441156,1766154713.102058,19.660902,False,0,0,0,0,-80,-82,-81.0,2.4GHz
00:3e:73:71:01:02,"Mist Systems, Inc.",1766154693.339260,1766154713.204941,19.865681,False,0,0,0,0,-79,-80,-79.33333333333333,2.4GHz
00:3e:73:71:11:38,"Mist Systems, Inc.",1766154703.013700,1766154787.903556,84.889856,False,0,0,0,0,-94,-94,-94.0,5GHz
00:3e:73:71:12:53,"Mist Systems, Inc.",1766154698.280462,1766154963.087817,264.807355,False,0,0,0,1,-80,-90,-86.14516129032258,5GHz
00:3e:73:71:12:54,"Mist Systems, Inc.",1766154698.280674,1766154963.088013,264.807339,False,0,0,0,0,-80,-92,-86.13698630136986,5GHz
00:3e:73:71:12:56,"Mist Systems, Inc.",1766154698.280921,1766154963.190803,264.909882,False,0,0,0,0,-79,-92,-85.26984126984127,5GHz
00:3e:73:71:12:57,"Mist Systems, Inc.",1766154698.281181,1766154963.191008,264.909827,False,0,0,0,0,-80,-92,-86.23076923076923,5GHz
00:3e:73:71:12:58,"Mist Systems, Inc.",1766154698.281787,1766154963.191508,264.909721,False,0,0,0,0,-80,-93,-86.77464788732394,5GHz
00:3e:73:71:12:e3,"Mist Systems, Inc.",1766154769.107461,1766154863.315431,94.207970,False,0,0,0,0,-89,-93,-90.42857142857143,5GHz
00:3e:73:71:12:e4,"Mist Systems, Inc.",1766154835.258222,1766154853.979882,18.721660,False,0,0,0,0,-90,-92,-91.0,5GHz
00:3e:73:71:12:e6,"Mist Systems, Inc.",1766154853.980317,1766154958.548038,104.567721,False,0,0,0,0,-89,-94,-91.5,5GHz
00:3e:73:71:12:e7,"Mist Systems, Inc.",1766154853.980508,1766154853.980508,0.000000,False,0,0,0,0,-90,-90,-90.0,5GHz
00:3e:73:71:12:e8,"Mist Systems, Inc.",1766154759.892832,1766154853.981007,94.088175,False,0,0,0,0,-87,-93,-89.25,5GHz
00:3e:73:71:15:e3,"Mist Systems, Inc.",1766154724.263720,1766154961.217214,236.953494,False,0,0,0,1,-80,-91,-85.31818181818181,5GHz
00:3e:73:71:15:e4,"Mist Systems, Inc.",1766154724.263893,1766154961.217384,236.953491,False,0,0,0,0,-80,-90,-84.89830508474576,5GHz
00:3e:73:71:15:e6,"Mist Systems, Inc.",1766154724.366634,1766154961.217760,236.851126,False,0,0,0,0,-80,-91,-84.95081967213115,5GHz
00:3e:73:71:15:e7,"Mist Systems, Inc.",1766154733.583016,1766154961.218009,227.634993,False,0,0,0,0,-81,-90,-84.75,5GHz
00:3e:73:71:16:01,"Mist Systems, Inc.",1766154689.735617,1766154967.341733,277.606116,False,0,0,0,0,-43,-83,-70.30598052851182,2.4GHz
00:3e:73:71:16:02,"Mist Systems, Inc.",1766154689.224289,1766154967.240590,278.016301,False,0,0,0,0,-56,-84,-68.73774230330673,2.4GHz
00:3e:73:71:16:43,"Mist Systems, Inc.",1766154705.019434,1766154837.525396,132.505962,False,0,0,0,1,-89,-93,-90.23076923076923,5GHz
00:3e:73:71:16:44,"Mist Systems, Inc.",1766154705.122133,1766154837.525531,132.403398,False,0,0,0,0,-89,-93,-90.57142857142857,5GHz
00:3e:73:71:16:46,"Mist Systems, Inc.",1766154705.020009,1766154837.525988,132.505979,False,0,0,0,0,-89,-92,-90.33333333333333,5GHz
00:3e:73:71:16:47,"Mist Systems, Inc.",1766154705.020346,1766154837.526180,132.505834,False,0,0,0,0,-88,-93,-90.53846153846153,5GHz
00:3e:73:71:16:48,"Mist Systems, Inc.",1766154705.020792,1766154856.061060,151.040268,False,0,0,0,0,-89,-94,-91.3076923076923,5GHz
00:41:0e:41:39:c1,CLOUD NETWORK TECHNOLOGY SINGAPORE PTE. LTD.,1766154767.216701,1766154767.217133,0.000432,False,3,0,0,0,-91,-91,-91.0,5GHz
02:00:00:00:00:00,Unknown Vendor,1766154713.595338,1766154713.595338,0.000000,True,1,0,0,0,-81,-81,-81.0,2.4GHz
02:13:37:ac:84:38,Unknown Vendor,1766154687.875120,1766154960.742657,272.867537,True,65,0,0,1,0,-46,-4.369230769230769,2.4GHz
02:39:fb:ac:be:8c,Unknown Vendor,1766154751.729805,1766154751.729805,0.000000,True,1,0,0,0,-79,-79,-79.0,5GHz
02:3d:41:03:e8:b8,Unknown Vendor,1766154725.077504,1766154726.013459,0.935955,True,3,0,0,0,-90,-91,-90.66666666666667,5GHz
02:95:9d:e8:2d:df,Unknown Vendor,1766154695.110176,1766154963.133752,268.023576,True,119,0,0,1,-62,-90,-75.17647058823529,5GHz
02:9e:d5:a2:6f:22,Unknown Vendor,1766154771.212429,1766154857.835113,86.622684,True,86,0,0,1,-61,-87,-72.11627906976744,2.4GHz
02:db:6c:e2:80:79,Unknown Vendor,1766154762.921869,1766154762.921869,0.000000,True,1,0,0,0,-68,-68,-68.0,5GHz
02:e3:f1:0f:9c:83,Unknown Vendor,1766154860.442721,1766154860.442721,0.000000,True,1,0,0,0,-71,-71,-71.0,2.4GHz
04:68:74:0c:06:fd,CLOUD NETWORK TECHNOLOGY SINGAPORE PTE. LTD.,1766154748.883279,1766154748.883279,0.000000,False,0,0,0,0,-94,-94,-94.0,5GHz
04:e4:b6:62:4e:9c,"Samsung Electronics Co.,Ltd",1766154859.198338,1766154859.198338,0.000000,False,0,0,0,0,-89,-89,-89.0,5GHz
06:18:58:11:c2:5d,Unknown Vendor,1766154715.546878,1766154715.557530,0.010652,True,2,0,0,0,-66,-66,-66.0,2.4GHz
06:1b:7e:b7:f4:51,Unknown Vendor,1766154806.586839,1766154806.586839,0.000000,True,1,0,0,0,-62,-62,-62.0,2.4GHz
0a:d3:98:5e:fe:4d,Unknown Vendor,1766154829.853552,1766154829.853552,0.000000,True,1,0,0,0,-74,-74,-74.0,2.4GHz
0a:fd:ec:55:6a:1e,Unknown Vendor,1766154845.334050,1766154845.358420,0.024370,True,2,0,0,0,-73,-74,-73.5,2.4GHz
0c:8b:7d:74:b7:41,"Vizio, Inc",1766154698.935939,1766154947.673127,248.737188,False,341,0,0,1,-59,-78,-67.11143695014663,2.4GHz
0e:11:5b:82:4a:b3,Unknown Vendor,1766154717.304828,1766154717.305626,0.000798,True,2,0,0,0,-74,-76,-75.0,2.4GHz
0e:33:96:2e:3e:35,Unknown Vendor,1766154859.933704,1766154859.933704,0.000000,True,1,0,0,0,-83,-83,-83.0,5GHz
0e:50:57:ab:c5:b0,Unknown Vendor,1766154718.203073,1766154718.203073,0.000000,True,1,0,0,0,-72,-72,-72.0,5GHz
0e:89:41:54:b9:4f,Unknown Vendor,1766154866.413041,1766154866.413041,0.000000,True,1,0,0,0,-83,-83,-83.0,5GHz
0e:b4:93:1f:72:40,Unknown Vendor,1766154890.813306,1766154890.813306,0.000000,True,1,0,0,0,-81,-81,-81.0,2.4GHz
0e:c5:12:7f:51:74,Unknown Vendor,1766154780.547481,1766154780.568691,0.021210,True,2,0,0,0,-65,-67,-66.0,2.4GHz
12:2c:7b:4a:16:42,Unknown Vendor,1766154773.037198,1766154907.681578,134.644380,True,4,0,0,0,-71,-85,-78.5,2.4GHz
12:3d:0a:07:51:da,Unknown Vendor,1766154788.485918,1766154788.485918,0.000000,True,0,0,0,0,-79,-79,-79.0,2.4GHz
12:61:21:ff:6a:47,Unknown Vendor,1766154709.939266,1766154709.949522,0.010256,True,2,0,0,0,-67,-68,-67.5,2.4GHz
12:ba:c3:91:c6:b8,Unknown Vendor,1766154844.589381,1766154844.599933,0.010552,True,2,0,0,0,-85,-85,-85.0,5GHz
12:d2:d6:89:6d:52,Unknown Vendor,1766154688.079083,1766154688.079083,0.000000,True,1,0,0,0,-86,-86,-86.0,2.4GHz
14:3f:c3:7c:fb:e8,SnapAV,1766154733.136117,1766154854.867677,121.731560,False,0,0,0,0,-76,-88,-84.14285714285714,2.4GHz
14:c6:7d:58:f1:1c,"Vizio, Inc",1766154827.790223,1766154827.790223,0.000000,False,0,0,0,0,-91,-91,-91.0,5GHz
14:c6:7d:7a:ac:52,"Vizio, Inc",1766154865.294389,1766154865.294389,0.000000,False,0,0,0,0,-90,-90,-90.0,5GHz
16:0d:2b:43:f1:c1,Unknown Vendor,1766154805.438084,1766154805.458875,0.020791,True,2,0,0,0,-68,-70,-69.0,2.4GHz
16:35:2f:9f:fc:b6,Unknown Vendor,1766154822.607205,1766154822.617575,0.010370,True,2,0,0,0,-64,-65,-64.5,2.4GHz
16:66:59:f9:b7:9c,Unknown Vendor,1766154795.419390,1766154795.419390,0.000000,True,1,0,0,0,-73,-73,-73.0,2.4GHz
16:ef:09:a9:27:8e,Unknown Vendor,1766154783.913342,1766154783.913342,0.000000,True,1,0,0,0,-72,-72,-72.0,2.4GHz
1a:1a:f3:7d:e5:db,Unknown Vendor,1766154718.137639,1766154718.137639,0.000000,True,1,0,0,0,-68,-68,-68.0,2.4GHz
1a:5d:b8:fe:6d:9f,Unknown Vendor,1766154922.062597,1766154922.062597,0.000000,True,1,0,0,0,-86,-86,-86.0,5GHz
1a:c9:af:0b:d6:d4,Unknown Vendor,1766154822.700828,1766154822.711221,0.010393,True,2,0,0,0,-63,-64,-63.5,2.4GHz
1e:01:28:1f:d8:f1,Unknown Vendor,1766154909.353654,1766154909.353654,0.000000,True,1,0,0,0,-78,-78,-78.0,5GHz
1e:a6:b0:87:65:df,Unknown Vendor,1766154860.536448,1766154860.536448,0.000000,True,1,0,0,0,-73,-73,-73.0,2.4GHz
1e:d1:a4:87:3e:bd,Unknown Vendor,1766154750.863334,1766154750.863334,0.000000,True,1,0,0,0,-69,-69,-69.0,2.4GHz
1e:dc:8e:55:3d:47,Unknown Vendor,1766154806.544509,1766154806.544509,0.000000,True,1,0,0,0,-62,-62,-62.0,2.4GHz
22:01:46:46:bf:f2,Unknown Vendor,1766154896.223410,1766154896.223410,0.000000,True,1,0,0,0,-73,-73,-73.0,2.4GHz
22:02:0a:eb:af:22,Unknown Vendor,1766154757.547319,1766154757.547319,0.000000,True,1,0,0,0,-74,-74,-74.0,2.4GHz
22:10:6b:51:a6:f3,Unknown Vendor,1766154721.065201,1766154721.090475,0.025274,True,2,0,0,0,-74,-75,-74.5,2.4GHz
22:4d:2e:29:45:5d,Unknown Vendor,1766154822.481140,1766154822.491516,0.010376,True,2,0,0,0,-68,-70,-69.0,2.4GHz
22:d3:b5:c5:8a:7d,Unknown Vendor,1766154820.259432,1766154820.259163,-0.000269,True,3,0,0,0,-71,-73,-72.0,2.4GHz
26:e0:17:b1:07:89,Unknown Vendor,1766154865.494881,1766154865.505300,0.010419,True,2,0,0,0,-87,-89,-88.0,5GHz
26:f3:b6:bf:e4:88,Unknown Vendor,1766154774.208939,1766154774.208939,0.000000,True,1,0,0,0,-79,-79,-79.0,2.4GHz
2a:2d:17:6a:43:09,Unknown Vendor,1766154697.801171,1766154959.422180,261.621009,True,10,0,0,1,-54,-74,-61.7,2.4GHz
2a:51:bc:48:cf:ac,Unknown Vendor,1766154759.912105,1766154760.208803,0.296698,True,4,0,0,0,-88,-89,-88.25,5GHz
2e:3f:75:5d:27:e9,Unknown Vendor,1766154780.538714,1766154780.538714,0.000000,True,0,0,0,0,-90,-90,-90.0,5GHz
2e:58:5d:59:b1:ae,Unknown Vendor,1766154774.554614,1766154774.564836,0.010222,True,2,0,0,0,-88,-88,-88.0,5GHz
32:14:66:90:2c:8b,Unknown Vendor,1766154772.914464,1766154772.928811,0.014347,True,2,0,0,0,-77,-79,-78.0,2.4GHz
32:84:2f:05:39:08,Unknown Vendor,1766154806.588981,1766154806.588981,0.000000,True,1,0,0,0,-62,-62,-62.0,2.4GHz
32:9b:d6:f7:57:42,Unknown Vendor,1766154688.944874,1766154963.230879,274.286005,True,0,0,0,1,-69,-86,-75.76190476190476,5GHz
32:ab:0c:74:b6:50,Unknown Vendor,1766154716.743924,1766154716.765657,0.021733,True,4,0,0,0,-77,-78,-77.75,5GHz
32:d8:f9:4d:9d:ef,Unknown Vendor,1766154870.273317,1766154870.293610,0.020293,True,2,0,0,0,-59,-60,-59.5,2.4GHz
36:0a:ba:9d:d3:31,Unknown Vendor,1766154951.644570,1766154951.644570,0.000000,True,1,0,0,0,-85,-85,-85.0,5GHz
36:1e:10:52:1a:8e,Unknown Vendor,1766154763.899320,1766154763.899320,0.000000,True,1,0,0,0,-90,-90,-90.0,5GHz
36:7d:5a:a6:2d:c0,Unknown Vendor,1766154761.086695,1766154761.107546,0.020851,True,2,0,0,0,-63,-68,-65.5,2.4GHz
36:ca:2c:70:8e:a4,Unknown Vendor,1766154922.063870,1766154922.063870,0.000000,True,1,0,0,0,-85,-85,-85.0,5GHz
36:e4:af:02:86:53,Unknown Vendor,1766154838.691796,1766154917.097086,78.405290,True,2,0,0,0,-92,-93,-92.5,5GHz
38:88:71:05:eb:32,ASKEY COMPUTER CORP,1766154689.210413,1766154955.348090,266.137677,False,0,0,0,0,-61,-83,-75.68327402135232,2.4GHz
38:88:71:05:eb:33,ASKEY COMPUTER CORP,1766154691.458333,1766154965.890466,274.432133,False,0,0,0,0,-81,-93,-86.61538461538461,5GHz
38:8a:06:49:b6:d8,"Samsung Electronics Co.,Ltd",1766154761.589704,1766154761.589704,0.000000,False,0,0,0,0,-95,-95,-95.0,5GHz
38:94:ed:be:01:80,NETGEAR,1766154747.804707,1766154776.662215,28.857508,False,0,0,0,0,-81,-84,-82.5,2.4GHz
3a:50:91:82:ab:c2,Unknown Vendor,1766154711.281892,1766154711.283274,0.001382,True,2,0,0,0,-65,-65,-65.0,2.4GHz
3a:93:ca:7e:2a:8a,Unknown Vendor,1766154753.955808,1766154753.955808,0.000000,True,1,0,0,0,-94,-94,-94.0,5GHz
3c:9b:d6:f7:57:42,"Vizio, Inc",1766154726.343802,1766154963.139657,236.795855,False,0,0,0,0,-72,-82,-76.875,5GHz
3e:38:c0:b3:fa:a6,Unknown Vendor,1766154835.771617,1766154965.765425,129.993808,True,18,0,0,0,-80,-95,-92.72222222222223,5GHz
3e:53:9b:45:c1:9a,Unknown Vendor,1766154912.115928,1766154912.126173,0.010245,True,2,0,0,0,-75,-77,-76.0,2.4GHz
3e:76:d4:0b:6b:90,Unknown Vendor,1766154687.899448,1766154967.283179,279.383731,True,167,0,1,3,-47,-83,-68.55357142857143,2.4GHz
3e:a1:07:7c:98:e1,Unknown Vendor,1766154751.694504,1766154751.694504,0.000000,True,1,0,0,0,-85,-85,-85.0,5GHz
3e:f5:55:36:d7:52,Unknown Vendor,1766154730.369728,1766154730.369728,0.000000,True,1,0,0,0,-84,-84,-84.0,2.4GHz
42:94:88:3f:a8:53,Unknown Vendor,1766154754.744932,1766154962.554329,207.809397,True,6,0,0,0,-83,-88,-85.66666666666667,5GHz
42:94:f0:ae:7d:eb,Unknown Vendor,1766154751.285641,1766154751.308737,0.023096,True,2,0,0,0,-67,-68,-67.5,2.4GHz
42:9e:9d:4b:91:33,Unknown Vendor,1766154695.672931,1766154960.683296,265.010365,True,0,0,0,0,-81,-93,-90.2,5GHz
42:9f:2a:32:2b:e6,Unknown Vendor,1766154860.596285,1766154860.596285,0.000000,True,1,0,0,0,-78,-78,-78.0,2.4GHz
46:05:78:1a:50:d9,Unknown Vendor,1766154700.073555,1766154700.081419,0.007864,True,2,0,0,0,-74,-75,-74.5,2.4GHz
46:1f:50:30:21:10,Unknown Vendor,1766154717.955187,1766154964.073823,246.118636,True,71,0,0,1,-73,-95,-84.63380281690141,5GHz
46:6c:e2:86:78:4b,Unknown Vendor,1766154764.347526,1766154764.347526,0.000000,True,1,0,0,0,-75,-75,-75.0,2.4GHz
46:a6:cc:40:5c:bc,Unknown Vendor,1766154749.616823,1766154749.616823,0.000000,True,1,0,0,0,-80,-80,-80.0,5GHz
46:e9:08:d1:f6:23,Unknown Vendor,1766154867.411536,1766154867.411536,0.000000,True,1,0,0,0,-86,-86,-86.0,5GHz
46:f6:d4:42:ef:12,Unknown Vendor,1766154794.327156,1766154794.347927,0.020771,True,2,0,0,0,-69,-72,-70.5,2.4GHz
48:a4:93:85:e5:be,"TAIYO YUDEN CO.,LTD",1766154707.955453,1766154916.077625,208.122172,False,38,0,1,1,-69,-94,-80.76190476190476,5GHz
48:a4:93:86:c6:e2,"TAIYO YUDEN CO.,LTD",1766154778.414824,1766154778.415501,0.000677,False,4,0,0,0,-88,-89,-88.25,5GHz
48:a4:93:86:c6:ea,"TAIYO YUDEN CO.,LTD",1766154755.892276,1766154761.158614,5.266338,False,5,0,0,0,-77,-84,-82.6,5GHz
48:a4:93:af:20:ee,"TAIYO YUDEN CO.,LTD",1766154885.127621,1766154951.148835,66.021214,False,12,0,0,0,-59,-81,-74.3076923076923,5GHz
48:a4:93:e8:31:08,"TAIYO YUDEN CO.,LTD",1766154813.173202,1766154818.761530,5.588328,False,9,0,0,1,-67,-73,-69.1,5GHz
4a:6d:75:03:28:d0,Unknown Vendor,1766154742.882702,1766154742.882702,0.000000,True,1,0,0,0,-86,-86,-86.0,5GHz
4a:8d:9b:29:b3:89,Unknown Vendor,1766154774.872929,1766154774.883195,0.010266,True,2,0,0,0,-84,-84,-84.0,5GHz
4a:b9:e7:f0:06:98,Unknown Vendor,1766154730.477614,1766154730.477614,0.000000,True,1,0,0,0,-75,-75,-75.0,2.4GHz
4e:04:f9:10:93:7c,Unknown Vendor,1766154906.179721,1766154906.179721,0.000000,True,1,0,0,0,-76,-76,-76.0,5GHz
4e:1a:f2:e2:6a:63,Unknown Vendor,1766154829.209673,1766154829.209673,0.000000,True,1,0,0,0,-76,-76,-76.0,2.4GHz
4e:33:82:e4:f4:c9,Unknown Vendor,1766154806.436672,1766154806.436672,0.000000,True,1,0,0,0,-64,-64,-64.0,2.4GHz
4e:b5:1c:15:b0:7a,Unknown Vendor,1766154823.099298,1766154946.153555,123.054257,True,22,0,0,0,-72,-96,-86.4090909090909,5GHz
4e:d9:3f:3b:45:20,Unknown Vendor,1766154822.669412,1766154822.684892,0.015480,True,2,0,0,0,-67,-68,-67.5,2.4GHz
4e:e3:4b:cb:25:4c,Unknown Vendor,1766154833.158302,1766154833.158302,0.000000,True,1,0,0,0,-78,-78,-78.0,5GHz
52:09:d0:6d:6f:6d,Unknown Vendor,1766154747.086313,1766154933.787442,186.701129,True,7,0,0,0,-70,-91,-79.28571428571429,5GHz
52:0a:d3:93:b9:1c,Unknown Vendor,1766154890.774626,1766154890.774626,0.000000,True,1,0,0,0,-80,-80,-80.0,2.4GHz
52:17:ec:37:40:60,Unknown Vendor,1766154781.652851,1766154864.942130,83.289279,True,4,0,0,0,-71,-78,-74.0,2.4GHz
52:18:e5:ae:44:79,Unknown Vendor,1766154806.808286,1766154806.808286,0.000000,True,1,0,0,0,-65,-65,-65.0,2.4GHz
52:24:87:0a:38:4d,Unknown Vendor,1766154860.604609,1766154860.604609,0.000000,True,1,0,0,0,-78,-78,-78.0,2.4GHz
52:44:8c:bc:a3:05,Unknown Vendor,1766154827.844805,1766154958.017435,130.172630,True,12,0,0,0,-69,-95,-83.08333333333333,5GHz
52:ae:5e:a9:dc:87,Unknown Vendor,1766154848.716406,1766154848.716406,0.000000,True,1,0,0,0,-94,-94,-94.0,5GHz
52:e8:32:76:2a:7d,Unknown Vendor,1766154718.134926,1766154718.134926,0.000000,True,1,0,0,0,-69,-69,-69.0,2.4GHz
56:0c:a4:bc:ca:23,Unknown Vendor,1766154718.288141,1766154718.288141,0.000000,True,1,0,0,0,-72,-72,-72.0,2.4GHz
56:2e:6b:8c:d4:59,Unknown Vendor,1766154847.543103,1766154847.562599,0.019496,True,2,0,0,0,-78,-78,-78.0,2.4GHz
56:5f:01:65:5c:9a,Unknown Vendor,1766154784.298290,1766154784.298290,0.000000,True,1,0,0,0,-73,-73,-73.0,5GHz
56:66:91:ca:5e:01,Unknown Vendor,1766154774.301689,1766154774.301689,0.000000,True,1,0,0,0,-75,-75,-75.0,2.4GHz
56:aa:3c:73:58:45,Unknown Vendor,1766154820.058173,1766154820.068425,0.010252,True,2,0,0,0,-72,-73,-72.5,2.4GHz
56:e3:a8:26:58:f8,Unknown Vendor,1766154754.061300,1766154754.061300,0.000000,True,1,0,0,0,-76,-76,-76.0,2.4GHz
5a:40:dd:5f:ad:f8,Unknown Vendor,1766154850.155132,1766154850.155132,0.000000,True,1,0,0,0,-85,-85,-85.0,5GHz
5a:6b:53:fd:05:d8,Unknown Vendor,1766154744.225831,1766154744.225831,0.000000,True,1,0,0,0,-86,-86,-86.0,5GHz
5a:91:1a:2e:e6:48,Unknown Vendor,1766154829.538952,1766154829.564292,0.025340,True,2,0,0,0,-75,-76,-75.5,2.4GHz
5a:ef:3c:8b:83:5c,Unknown Vendor,1766154742.883899,1766154742.883899,0.000000,True,1,0,0,0,-87,-87,-87.0,5GHz
5e:f7:38:f3:bf:29,Unknown Vendor,1766154773.022613,1766154773.022613,0.000000,True,1,0,0,0,-77,-77,-77.0,2.4GHz
62:87:5a:82:78:9e,Unknown Vendor,1766154823.365712,1766154869.081265,45.715553,True,5,0,0,0,-88,-94,-91.6,5GHz
62:a3:5f:d0:db:15,Unknown Vendor,1766154705.199537,1766154956.540804,251.341267,True,33,0,0,0,-75,-95,-90.63636363636364,5GHz
62:ee:bd:83:a1:47,Unknown Vendor,1766154844.970458,1766154844.990643,0.020185,True,2,0,0,0,-64,-65,-64.5,2.4GHz
66:22:b9:cf:1c:a8,Unknown Vendor,1766154806.804246,1766154806.804246,0.000000,True,1,0,0,0,-63,-63,-63.0,2.4GHz
66:3d:c9:f6:86:df,Unknown Vendor,1766154789.069593,1766154789.093946,0.024353,True,2,0,0,0,-59,-59,-59.0,2.4GHz
66:7b:d3:3c:35:7c,Unknown Vendor,1766154812.856374,1766154812.856374,0.000000,True,1,0,0,0,-65,-65,-65.0,2.4GHz
66:97:ad:df:fb:be,Unknown Vendor,1766154822.648698,1766154822.648698,0.000000,True,1,0,0,0,-67,-67,-67.0,2.4GHz
66:dd:11:a5:79:86,Unknown Vendor,1766154699.551925,1766154699.572307,0.020382,True,2,0,0,0,-88,-90,-89.0,5GHz
6a:29:58:fa:f4:bf,Unknown Vendor,1766154847.252770,1766154847.272962,0.020192,True,2,0,0,0,-87,-88,-87.5,5GHz
6a:4f:ad:bd:6a:9b,Unknown Vendor,1766154789.838745,1766154949.874814,160.036069,True,5,0,0,0,-75,-89,-79.0,2.4GHz
6a:5c:97:ab:68:1c,Unknown Vendor,1766154935.621967,1766154935.621967,0.000000,True,1,0,0,0,-78,-78,-78.0,2.4GHz
6a:62:33:10:d4:c5,Unknown Vendor,1766154810.516822,1766154967.382788,156.865966,True,415,0,2,2,-67,-90,-74.28125,5GHz
6a:88:ba:32:18:d1,Unknown Vendor,1766154860.480045,1766154860.480045,0.000000,True,1,0,0,0,-69,-69,-69.0,2.4GHz
6a:90:b2:e7:d9:1c,Unknown Vendor,1766154858.335879,1766154858.355793,0.019914,True,2,0,0,0,-82,-85,-83.5,5GHz
6a:a3:bc:1e:bc:96,Unknown Vendor,1766154696.429608,1766154696.447539,0.017931,True,2,0,0,0,-67,-67,-67.0,2.4GHz
6a:f3:5c:50:53:c9,Unknown Vendor,1766154890.823676,1766154963.978177,73.154501,True,19,0,0,0,-78,-96,-88.84210526315789,5GHz
6e:2a:ae:54:f4:4b,Unknown Vendor,1766154689.880779,1766154946.105555,256.224776,True,91,0,2,2,-63,-94,-83.68478260869566,5GHz
6e:76:ee:ef:15:6c,Unknown Vendor,1766154859.879009,1766154859.879009,0.000000,True,1,0,0,0,-73,-73,-73.0,2.4GHz
72:1a:59:e5:ca:db,Unknown Vendor,1766154906.181546,1766154906.181546,0.000000,True,1,0,0,0,-77,-77,-77.0,5GHz
72:b3:19:32:c2:ab,Unknown Vendor,1766154773.676004,1766154773.676004,0.000000,True,1,0,0,0,-86,-86,-86.0,5GHz
72:f2:2b:a3:d4:ec,Unknown Vendor,1766154706.456841,1766154834.608454,128.151613,True,6,0,0,0,-73,-91,-82.16666666666667,5GHz
76:04:7a:e9:7c:1c,Unknown Vendor,1766154730.107862,1766154809.019087,78.911225,True,5,0,0,0,-80,-95,-91.6,5GHz
76:b1:b5:b0:4b:4d,Unknown Vendor,1766154759.512839,1766154759.532237,0.019398,True,2,0,0,0,-56,-56,-56.0,2.4GHz
76:dc:78:43:6e:f3,Unknown Vendor,1766154738.527592,1766154738.527592,0.000000,True,1,0,0,0,-70,-70,-70.0,2.4GHz
76:f2:99:19:75:78,Unknown Vendor,1766154859.876194,1766154859.876194,0.000000,True,1,0,0,0,-73,-73,-73.0,2.4GHz
7a:06:ac:04:b6:a0,Unknown Vendor,1766154867.412926,1766154867.412926,0.000000,True,1,0,0,0,-87,-87,-87.0,5GHz
7a:0d:62:39:53:21,Unknown Vendor,1766154795.346713,1766154795.346713,0.000000,True,1,0,0,0,-79,-79,-79.0,2.4GHz
7a:1a:64:b7:bc:d8,Unknown Vendor,1766154930.421702,1766154937.669351,7.247649,True,3,0,1,2,-87,-92,-89.5,5GHz
7a:33:f2:3b:99:e5,Unknown Vendor,1766154906.369506,1766154906.369506,0.000000,True,1,0,0,0,-82,-82,-82.0,5GHz
7a:3d:7d:ec:bb:b4,Unknown Vendor,1766154772.714223,1766154772.714223,0.000000,True,1,0,0,0,-78,-78,-78.0,2.4GHz
7a:9f:ec:10:dc:2b,Unknown Vendor,1766154917.004557,1766154917.004557,0.000000,True,1,0,0,0,-74,-74,-74.0,5GHz
7a:e8:0d:7e:1d:30,Unknown Vendor,1766154884.845241,1766154884.845241,0.000000,True,1,0,0,0,-74,-74,-74.0,2.4GHz
7a:f6:dd:41:67:47,Unknown Vendor,1766154956.592937,1766154956.613211,0.020274,True,2,0,0,0,-59,-59,-59.0,2.4GHz
7e:44:6b:a1:d8:90,Unknown Vendor,1766154751.813954,1766154751.813954,0.000000,True,1,0,0,0,-75,-75,-75.0,2.4GHz
7e:86:59:13:49:46,Unknown Vendor,1766154820.283554,1766154820.293804,0.010250,True,2,0,0,0,-75,-77,-76.0,2.4GHz
7e:c5:b2:43:77:cc,Unknown Vendor,1766154689.110235,1766154849.182728,160.072493,True,1,0,0,1,-69,-75,-71.75,5GHz
7e:f2:6c:cb:8d:85,Unknown Vendor,1766154718.709148,1766154718.709148,0.000000,True,1,0,0,0,-73,-73,-73.0,2.4GHz
7e:f5:81:4c:da:7e,Unknown Vendor,1766154903.384220,1766154903.384220,0.000000,True,1,0,0,0,-81,-81,-81.0,5GHz
82:07:ef:a6:b5:f8,Unknown Vendor,1766154922.047039,1766154922.047039,0.000000,True,1,0,0,0,-76,-76,-76.0,2.4GHz
82:3b:c5:c2:9f:87,Unknown Vendor,1766154951.642718,1766154951.642718,0.000000,True,1,0,0,0,-85,-85,-85.0,5GHz
82:7e:27:e1:f8:ed,Unknown Vendor,1766154751.693174,1766154751.693174,0.000000,True,1,0,0,0,-86,-86,-86.0,5GHz
82:9e:9b:22:ee:6e,Unknown Vendor,1766154904.598263,1766154935.026966,30.428703,True,7,0,1,3,-62,-84,-70.22222222222223,2.4GHz
82:aa:bd:00:ad:da,Unknown Vendor,1766154895.497808,1766154895.497808,0.000000,True,1,0,0,0,-79,-79,-79.0,5GHz
82:cb:bc:a9:42:06,Unknown Vendor,1766154705.003884,1766154837.407801,132.403917,True,0,0,0,0,-90,-94,-92.0,5GHz
86:a0:00:e7:56:cf,Unknown Vendor,1766154784.299378,1766154784.299378,0.000000,True,1,0,0,0,-74,-74,-74.0,5GHz
86:a9:41:b5:d9:60,Unknown Vendor,1766154689.695813,1766154965.564473,275.868660,True,128,0,0,1,-62,-92,-74.0859375,2.4GHz
88:bc:ac:1d:1f:b2,Zebra Technologies Inc.,1766154702.865449,1766154963.491742,260.626293,False,45,0,0,0,-79,-93,-87.13333333333334,5GHz
88:bc:ac:76:9d:34,Zebra Technologies Inc.,1766154689.973025,1766154867.847540,177.874515,False,16,0,0,0,-76,-93,-81.6875,5GHz
8a:30:40:a8:d8:59,Unknown Vendor,1766154894.831936,1766154894.831936,0.000000,True,1,0,0,0,-79,-79,-79.0,2.4GHz
8a:40:7e:f6:4d:58,Unknown Vendor,1766154762.920366,1766154762.920366,0.000000,True,1,0,0,0,-64,-64,-64.0,5GHz
8a:41:a4:ce:6b:d9,Unknown Vendor,1766154696.277262,1766154964.249203,267.971941,True,45,0,0,2,-74,-94,-88.04081632653062,5GHz
8a:47:b1:39:ce:94,Unknown Vendor,1766154851.014329,1766154851.014329,0.000000,True,1,0,0,0,-80,-80,-80.0,2.4GHz
8a:5b:67:10:6f:2d,Unknown Vendor,1766154838.384339,1766154943.595268,105.210929,True,12,0,0,0,-69,-95,-80.16666666666667,5GHz
8a:87:ca:4e:47:59,Unknown Vendor,1766154913.502676,1766154913.779492,0.276816,True,11,0,0,1,-39,-43,-40.27272727272727,2.4GHz
8a:9d:56:3f:07:8c,Unknown Vendor,1766154783.628347,1766154783.628347,0.000000,True,1,0,0,0,-76,-76,-76.0,5GHz
8a:d7:f3:d3:e1:00,Unknown Vendor,1766154860.444796,1766154860.444796,0.000000,True,1,0,0,0,-71,-71,-71.0,2.4GHz
8e:3b:67:a4:ac:9f,Unknown Vendor,1766154859.935880,1766154859.935880,0.000000,True,1,0,0,0,-83,-83,-83.0,5GHz
8e:4d:26:e8:21:09,Unknown Vendor,1766154695.502629,1766154904.292564,208.789935,True,21,0,0,1,-70,-89,-81.33333333333333,5GHz
8e:a5:a0:b6:51:40,Unknown Vendor,1766154860.551595,1766154860.551595,0.000000,True,1,0,0,0,-72,-72,-72.0,2.4GHz
92:2c:d2:3a:e8:5c,Unknown Vendor,1766154896.713540,1766154896.774023,0.060483,True,4,0,0,0,-87,-90,-88.5,5GHz
92:31:1c:c5:e2:e5,Unknown Vendor,1766154820.206129,1766154820.205869,-0.000260,True,2,0,0,0,-76,-79,-77.5,2.4GHz
92:51:d0:90:e4:f7,Unknown Vendor,1766154904.781513,1766154904.781513,0.000000,True,1,0,0,0,-87,-87,-87.0,5GHz
92:8f:14:6c:f1:b7,Unknown Vendor,1766154949.179156,1766154949.179156,0.000000,True,1,0,0,0,-84,-84,-84.0,5GHz
92:9e:6f:6e:76:31,Unknown Vendor,1766154825.182880,1766154825.202211,0.019331,True,2,0,0,0,-93,-94,-93.5,5GHz
92:cc:cb:48:b6:0e,Unknown Vendor,1766154850.153954,1766154850.153954,0.000000,True,1,0,0,0,-86,-86,-86.0,5GHz
92:ff:5d:e1:05:18,Unknown Vendor,1766154833.159540,1766154833.159540,0.000000,True,1,0,0,0,-68,-68,-68.0,5GHz
94:fb:29:16:31:b7,Zebra Technologies Inc.,1766154714.426848,1766154714.434309,0.007461,False,2,0,0,0,-92,-93,-92.5,5GHz
94:fb:29:17:c4:0e,Zebra Technologies Inc.,1766154699.546598,1766154964.567290,265.020692,False,51,0,0,0,-57,-89,-76.58823529411765,5GHz
94:fb:29:35:20:39,Zebra Technologies Inc.,1766154787.777805,1766154967.419223,179.641418,False,35,0,0,0,-49,-94,-72.34285714285714,2.4GHz
94:fb:29:54:28:78,Zebra Technologies Inc.,1766154691.458675,1766154945.160818,253.702143,False,41,0,0,0,-62,-89,-72.21951219512195,2.4GHz
94:fb:29:6f:72:68,Zebra Technologies Inc.,1766154695.019430,1766154945.507243,250.487813,False,54,0,0,1,-57,-78,-67.5925925925926,2.4GHz
94:fb:29:ac:8f:d8,Zebra Technologies Inc.,1766154688.966723,1766154939.067950,250.101227,False,25,0,0,0,-70,-94,-84.44,5GHz
94:fb:29:ee:21:68,Zebra Technologies Inc.,1766154747.443756,1766154863.442897,115.999141,False,23,0,1,1,-69,-86,-76.25,5GHz
96:82:fd:0e:7a:1d,Unknown Vendor,1766154964.454929,1766154964.510558,0.055629,True,2,0,0,0,-85,-85,-85.0,5GHz
96:9a:51:23:18:36,Unknown Vendor,1766154787.658080,1766154787.679301,0.021221,True,2,0,0,0,-63,-64,-63.5,2.4GHz
96:9a:89:93:c3:e4,Unknown Vendor,1766154783.604573,1766154783.604573,0.000000,True,1,0,0,0,-89,-89,-89.0,5GHz
9a:13:10:e8:76:d3,Unknown Vendor,1766154860.482157,1766154860.482157,0.000000,True,1,0,0,0,-70,-70,-70.0,2.4GHz
9a:3d:cd:80:49:5b,Unknown Vendor,1766154905.974520,1766154905.974520,0.000000,True,1,0,0,0,-75,-75,-75.0,2.4GHz
9a:4f:88:17:0a:99,Unknown Vendor,1766154895.315898,1766154928.163586,32.847688,True,3,0,0,0,-88,-94,-90.33333333333333,5GHz
9a:94:82:16:63:bd,Unknown Vendor,1766154802.502935,1766154802.502935,0.000000,True,1,0,0,0,-88,-88,-88.0,5GHz
9a:b2:31:76:c4:9a,Unknown Vendor,1766154730.404100,1766154730.404100,0.000000,True,1,0,0,0,-71,-71,-71.0,2.4GHz
9a:b9:de:f8:c6:1c,Unknown Vendor,1766154753.341961,1766154753.341961,0.000000,True,1,0,0,0,-87,-87,-87.0,2.4GHz
9a:c9:6e:a5:6c:c0,Unknown Vendor,1766154717.998801,1766154717.998801,0.000000,True,1,0,0,0,-67,-67,-67.0,2.4GHz
9a:dd:a2:9f:0c:fc,Unknown Vendor,1766154964.455127,1766154964.510931,0.055804,True,2,0,0,0,-85,-85,-85.0,5GHz
9e:02:d2:a0:54:d8,Unknown Vendor,1766154822.379473,1766154904.155285,81.775812,True,11,0,0,1,-76,-81,-78.0909090909091,5GHz
9e:3f:28:fc:a0:fa,Unknown Vendor,1766154909.352452,1766154909.352452,0.000000,True,1,0,0,0,-79,-79,-79.0,5GHz
9e:69:c7:4e:f3:0d,Unknown Vendor,1766154777.045225,1766154777.045225,0.000000,True,1,0,0,0,-77,-77,-77.0,2.4GHz
9e:93:7f:e8:2f:f7,Unknown Vendor,1766154744.224384,1766154744.224384,0.000000,True,1,0,0,0,-87,-87,-87.0,5GHz
a0:6a:44:92:ab:37,"Vizio, Inc",1766154705.170907,1766154874.765711,169.594804,False,0,0,0,0,-76,-80,-77.5,5GHz
a2:00:2c:50:20:29,Unknown Vendor,1766154890.772573,1766154890.772573,0.000000,True,1,0,0,0,-77,-77,-77.0,2.4GHz
a2:08:9e:51:30:bf,Unknown Vendor,1766154754.467819,1766154754.467819,0.000000,True,1,0,0,0,-87,-87,-87.0,5GHz
a2:36:b2:e5:d0:86,Unknown Vendor,1766154826.580047,1766154827.244446,0.664399,True,3,0,0,0,-74,-75,-74.33333333333333,5GHz
a2:3e:b9:d6:bd:6f,Unknown Vendor,1766154706.250699,1766154858.757930,152.507231,True,7,0,0,0,-70,-94,-78.28571428571429,5GHz
a2:3e:e4:41:e7:c4,Unknown Vendor,1766154774.441951,1766154774.441951,0.000000,True,1,0,0,0,-95,-95,-95.0,5GHz
a2:49:6e:5b:88:cb,Unknown Vendor,1766154713.080106,1766154894.017498,180.937392,True,8,0,0,1,-63,-79,-70.25,2.4GHz
a2:80:5d:a1:91:e5,Unknown Vendor,1766154815.587012,1766154815.658820,0.071808,True,2,0,0,0,-69,-72,-70.5,2.4GHz
a2:96:1b:f1:12:27,Unknown Vendor,1766154887.365430,1766154887.386044,0.020614,True,4,0,0,0,-88,-90,-89.0,5GHz
a2:e3:57:c5:41:a9,Unknown Vendor,1766154741.429201,1766154745.762892,4.333691,True,9,0,0,0,-67,-86,-75.11111111111111,5GHz
a6:14:30:cc:d1:59,Unknown Vendor,1766154783.626426,1766154783.626426,0.000000,True,1,0,0,0,-74,-74,-74.0,5GHz
a6:25:12:3a:c8:0a,Unknown Vendor,1766154761.886351,1766154761.965606,0.079255,True,0,0,0,1,-59,-59,-59.0,5GHz
a6:6a:44:92:ab:37,Unknown Vendor,1766154695.600962,1766154960.613590,265.012628,True,0,0,0,1,-72,-86,-79.45205479452055,5GHz
aa:4a:ab:ac:ff:4c,Unknown Vendor,1766154772.762603,1766154772.762603,0.000000,True,1,0,0,0,-79,-79,-79.0,2.4GHz
ac:3f:a4:f9:f2:82,"TAIYO YUDEN CO.,LTD",1766154706.739562,1766154963.229534,256.489972,False,77,0,1,0,-68,-88,-80.21518987341773,5GHz
ac:df:a1:e9:27:a9,"Apple, Inc.",1766154787.814351,1766154787.824681,0.010330,False,2,0,0,0,-85,-86,-85.5,5GHz
ae:19:39:e8:e0:2d,Unknown Vendor,1766154956.786847,1766154956.807078,0.020231,True,2,0,0,0,-79,-81,-80.0,2.4GHz
ae:72:c8:7f:44:cf,Unknown Vendor,1766154783.915600,1766154783.915600,0.000000,True,1,0,0,0,-76,-76,-76.0,2.4GHz
ae:b4:a7:ee:18:bb,Unknown Vendor,1766154741.219429,1766154908.203328,166.983899,True,4,0,0,0,-72,-85,-79.0,2.4GHz
b2:3b:4b:b1:de:05,Unknown Vendor,1766154801.255880,1766154801.255880,0.000000,True,1,0,0,0,-79,-79,-79.0,5GHz
b2:d8:65:50:a6:af,Unknown Vendor,1766154896.297329,1766154896.308463,0.011134,True,2,0,0,0,-76,-76,-76.0,2.4GHz
b2:e1:86:9e:fb:82,Unknown Vendor,1766154906.368420,1766154906.368420,0.000000,True,1,0,0,0,-82,-82,-82.0,5GHz
b6:13:ff:b6:56:eb,Unknown Vendor,1766154800.300379,1766154892.652452,92.352073,True,6,0,0,0,-83,-95,-87.0,5GHz
b6:46:2b:64:74:db,Unknown Vendor,1766154774.323790,1766154774.323790,0.000000,True,1,0,0,0,-72,-72,-72.0,5GHz
b6:51:af:aa:8d:63,Unknown Vendor,1766154754.622552,1766154754.622552,0.000000,True,1,0,0,0,-86,-86,-86.0,5GHz
b6:83:05:3f:f3:eb,Unknown Vendor,1766154740.366259,1766154740.895009,0.528750,True,3,0,0,0,-93,-95,-93.66666666666667,5GHz
ba:4f:e5:a2:c6:19,Unknown Vendor,1766154830.448717,1766154830.448717,0.000000,True,1,0,0,0,-78,-78,-78.0,2.4GHz
ba:72:61:47:38:90,Unknown Vendor,1766154762.980025,1766154763.000070,0.020045,True,2,0,0,0,-87,-88,-87.5,5GHz
ba:7c:64:2b:df:22,Unknown Vendor,1766154892.673357,1766154892.673357,0.000000,True,1,0,0,0,-89,-89,-89.0,5GHz
ba:bc:61:ea:94:77,Unknown Vendor,1766154764.459881,1766154764.500208,0.040327,True,3,0,0,0,-80,-81,-80.66666666666667,5GHz
be:63:5f:58:f3:bc,Unknown Vendor,1766154737.808678,1766154737.808678,0.000000,True,1,0,0,0,-88,-88,-88.0,5GHz
be:c0:8c:94:f5:a4,Unknown Vendor,1766154773.674379,1766154773.674379,0.000000,True,1,0,0,0,-87,-87,-87.0,5GHz
be:c3:db:8b:1b:4b,Unknown Vendor,1766154806.546656,1766154806.546656,0.000000,True,1,0,0,0,-62,-62,-62.0,2.4GHz
c0:bf:be:be:2b:76,AzureWave Technology Inc.,1766154789.687637,1766154789.687637,0.000000,False,0,0,0,0,-91,-91,-91.0,5GHz
c0:ee:40:b6:ca:90,"Ezurio, LLC",1766154704.295604,1766154931.827082,227.531478,False,0,0,0,0,-85,-93,-89.65714285714286,5GHz
c2:4c:a5:0a:a5:2f,Unknown Vendor,1766154716.701005,1766154716.701005,0.000000,True,1,0,0,0,-67,-67,-67.0,2.4GHz
c2:80:3c:63:d3:5b,Unknown Vendor,1766154718.498049,1766154718.498049,0.000000,True,1,0,0,0,-77,-77,-77.0,2.4GHz
c2:81:2a:af:be:69,Unknown Vendor,1766154703.278966,1766154958.045528,254.766562,True,59,0,0,0,-75,-96,-88.72881355932203,5GHz
c2:a3:d0:40:49:91,Unknown Vendor,1766154750.865422,1766154750.865422,0.000000,True,1,0,0,0,-73,-73,-73.0,2.4GHz
c2:e3:69:fa:35:2c,Unknown Vendor,1766154877.734419,1766154877.755181,0.020762,True,2,0,0,0,-71,-71,-71.0,2.4GHz
c6:6d:d1:14:4c:24,Unknown Vendor,1766154757.591559,1766154757.591559,0.000000,True,1,0,0,0,-78,-78,-78.0,5GHz
c6:6f:e5:f4:4d:57,Unknown Vendor,1766154783.464361,1766154936.426074,152.961713,True,12,0,0,1,-57,-94,-65.15384615384616,2.4GHz
c6:ca:ad:83:58:c7,Unknown Vendor,1766154848.715945,1766154848.715945,0.000000,True,1,0,0,0,-95,-95,-95.0,5GHz
c6:dc:7d:a5:12:74,Unknown Vendor,1766154925.676838,1766154925.676838,0.000000,True,1,0,0,0,-73,-73,-73.0,2.4GHz
c8:1c:fe:44:5a:ab,Zebra Technologies Inc.,1766154696.400937,1766154963.070283,266.669346,False,1,0,0,0,-73,-75,-74.0,2.4GHz
c8:1c:fe:7b:79:95,Zebra Technologies Inc.,1766154706.786800,1766154710.324058,3.537258,False,6,0,0,0,-78,-84,-80.5,5GHz
c8:1c:fe:7b:7a:f2,Zebra Technologies Inc.,1766154695.578917,1766154956.014115,260.435198,False,63,0,1,1,-66,-82,-76.5,5GHz
c8:1c:fe:81:c8:28,Zebra Technologies Inc.,1766154710.070342,1766154925.784194,215.713852,False,10,0,0,0,-70,-80,-74.3,2.4GHz
c8:1c:fe:8a:f2:ef,Zebra Technologies Inc.,1766154751.565367,1766154952.267916,200.702549,False,12,0,1,0,-55,-94,-76.1875,5GHz
ca:30:b0:2b:9e:c0,Unknown Vendor,1766154718.754689,1766154718.779392,0.024703,True,2,0,0,0,-75,-75,-75.0,2.4GHz
ca:4a:70:5d:b9:28,Unknown Vendor,1766154751.412700,1766154751.423171,0.010471,True,2,0,0,0,-92,-93,-92.5,5GHz
ca:fd:38:75:30:18,Unknown Vendor,1766154865.514807,1766154865.514807,0.000000,True,1,0,0,0,-90,-90,-90.0,5GHz
cc:6e:a4:dc:a4:a4,"Samsung Electronics Co.,Ltd",1766154692.415704,1766154940.676139,248.260435,False,3,0,0,0,-72,-73,-72.33333333333333,2.4GHz
cc:6e:a4:dc:a4:b2,"Samsung Electronics Co.,Ltd",1766154726.537134,1766154912.738050,186.200916,False,7,0,0,0,-69,-76,-72.85714285714286,2.4GHz
ce:24:3a:81:89:7d,Unknown Vendor,1766154947.483765,1766154947.483765,0.000000,True,1,0,0,0,-77,-77,-77.0,2.4GHz
ce:36:81:2e:e9:9a,Unknown Vendor,1766154916.995938,1766154917.016268,0.020330,True,2,0,0,0,-93,-94,-93.5,5GHz
ce:79:7f:e6:01:cc,Unknown Vendor,1766154828.403941,1766154828.403941,0.000000,True,1,0,0,0,-71,-71,-71.0,2.4GHz
ce:84:c4:5f:0a:5a,Unknown Vendor,1766154694.206204,1766154694.206204,0.000000,True,1,0,0,0,-95,-95,-95.0,5GHz
ce:b6:9c:ba:8c:b4,Unknown Vendor,1766154866.414251,1766154866.414251,0.000000,True,1,0,0,0,-84,-84,-84.0,5GHz
ce:ba:0b:90:f1:bf,Unknown Vendor,1766154737.760187,1766154737.760187,0.000000,True,1,0,0,0,-75,-75,-75.0,2.4GHz
d2:60:57:60:3b:46,Unknown Vendor,1766154926.911560,1766154926.911560,0.000000,True,1,0,0,0,-86,-86,-86.0,5GHz
d2:7e:5b:59:ff:24,Unknown Vendor,1766154895.499205,1766154895.499205,0.000000,True,1,0,0,0,-71,-71,-71.0,5GHz
d2:89:cc:3c:f9:d8,Unknown Vendor,1766154734.627968,1766154734.649071,0.021103,True,2,0,0,0,-79,-80,-79.5,2.4GHz
d2:c8:0a:4a:96:4c,Unknown Vendor,1766154806.433195,1766154806.433195,0.000000,True,1,0,0,0,-63,-63,-63.0,2.4GHz
d4:dc:09:ab:ed:91,"Mist Systems, Inc.",1766154703.531348,1766154921.335452,217.804104,False,0,0,0,0,-74,-87,-80.03448275862068,2.4GHz
d4:dc:09:ab:ed:92,"Mist Systems, Inc.",1766154703.635892,1766154959.123181,255.487289,False,0,0,0,0,-70,-89,-79.91666666666667,2.4GHz
d4:dc:09:ab:ed:b1,"Mist Systems, Inc.",1766154688.408721,1766154962.775936,274.367215,False,0,0,0,0,-79,-94,-87.80434782608695,5GHz
d4:dc:09:ab:ed:b2,"Mist Systems, Inc.",1766154688.409133,1766154962.776466,274.367333,False,0,0,0,0,-68,-95,-87.21739130434783,5GHz
d6:75:6a:10:11:25,Unknown Vendor,1766154962.987551,1766154962.987551,0.000000,True,1,0,0,0,-95,-95,-95.0,5GHz
d6:80:11:fa:af:35,Unknown Vendor,1766154804.306129,1766154914.452051,110.145922,True,12,0,0,0,-85,-91,-88.16666666666667,5GHz
d6:b9:f7:8f:51:50,Unknown Vendor,1766154803.381960,1766154956.545004,153.163044,True,6,0,0,0,-68,-89,-79.83333333333333,2.4GHz
d6:cb:ac:9b:90:d1,Unknown Vendor,1766154926.913004,1766154926.913004,0.000000,True,1,0,0,0,-85,-85,-85.0,5GHz
d6:d0:4d:99:ef:f9,Unknown Vendor,1766154736.972261,1766154963.198928,226.226667,True,16,0,0,0,-73,-91,-80.625,5GHz
da:37:1b:8e:11:d3,Unknown Vendor,1766154947.424712,1766154947.424712,0.000000,True,1,0,0,0,-80,-80,-80.0,2.4GHz
da:52:9d:6f:cf:70,Unknown Vendor,1766154728.911278,1766154728.931127,0.019849,True,2,0,0,0,-55,-58,-56.5,2.4GHz
da:a1:19:03:19:59,Unknown Vendor,1766154868.016918,1766154868.016918,0.000000,True,1,0,0,0,-85,-85,-85.0,5GHz
da:a1:19:fe:56:ac,Unknown Vendor,1766154936.834947,1766154936.834947,0.000000,True,1,0,0,0,-87,-87,-87.0,2.4GHz
da:b3:9e:f1:3c:da,Unknown Vendor,1766154866.013195,1766154893.490418,27.477223,True,3,0,0,0,-79,-83,-81.0,5GHz
da:e4:ea:04:10:dc,Unknown Vendor,1766154813.664325,1766154813.684326,0.020001,True,4,0,0,0,-57,-60,-58.5,2.4GHz
da:ed:62:6d:a1:c7,Unknown Vendor,1766154844.661577,1766154844.722648,0.061071,True,4,0,0,0,-69,-71,-70.0,2.4GHz
de:7a:e0:cd:b0:bb,Unknown Vendor,1766154828.406121,1766154828.406121,0.000000,True,1,0,0,0,-71,-71,-71.0,2.4GHz
de:a3:e7:54:b7:14,Unknown Vendor,1766154926.243033,1766154926.243033,0.000000,True,1,0,0,0,-62,-62,-62.0,2.4GHz
e2:5b:a4:dd:6a:cd,Unknown Vendor,1766154846.398940,1766154846.398940,0.000000,True,1,0,0,0,-76,-76,-76.0,2.4GHz
e6:27:2e:3b:c4:94,Unknown Vendor,1766154935.219505,1766154935.239624,0.020119,True,2,0,0,0,-84,-85,-84.5,5GHz
e6:b3:0d:4f:1a:b2,Unknown Vendor,1766154952.968430,1766154952.968430,0.000000,True,1,0,0,0,-78,-78,-78.0,2.4GHz
e6:df:b5:e6:e8:1d,Unknown Vendor,1766154865.516904,1766154865.516904,0.000000,True,1,0,0,0,-90,-90,-90.0,5GHz
e8:4e:06:6c:f7:2e,"EDUP INTERNATIONAL (HK) CO., LTD",1766154703.936142,1766154943.162637,239.226495,False,16,0,0,0,-70,-84,-77.0625,2.4GHz
ea:53:e4:49:3f:14,Unknown Vendor,1766154774.321693,1766154774.321693,0.000000,True,1,0,0,0,-72,-72,-72.0,5GHz
ea:6d:2d:56:5e:66,Unknown Vendor,1766154727.013882,1766154923.758745,196.744863,True,11,0,0,0,-79,-91,-82.72727272727273,5GHz
ea:9e:fa:70:1c:78,Unknown Vendor,1766154921.507179,1766154921.507179,0.000000,True,1,0,0,0,-81,-81,-81.0,2.4GHz
ea:d8:c4:47:55:e0,Unknown Vendor,1766154695.663798,1766154960.675578,265.011780,True,0,0,0,0,-78,-93,-89.67647058823529,5GHz
ec:8e:77:fd:64:8e,Intel Corporate,1766154743.514074,1766154927.001218,183.487144,False,2,0,0,0,-91,-94,-92.5,5GHz
ee:01:24:20:82:27,Unknown Vendor,1766154850.938182,1766154850.938182,0.000000,True,1,0,0,0,-81,-81,-81.0,2.4GHz
ee:17:10:1b:07:52,Unknown Vendor,1766154718.699350,1766154718.699350,0.000000,True,1,0,0,0,-64,-64,-64.0,2.4GHz
ee:1f:06:e7:8b:26,Unknown Vendor,1766154718.495958,1766154718.495958,0.000000,True,1,0,0,0,-78,-78,-78.0,2.4GHz
ee:6a:2f:67:bd:cf,Unknown Vendor,1766154721.134575,1766154721.134575,0.000000,True,1,0,0,0,-83,-83,-83.0,2.4GHz
ee:87:61:3a:29:86,Unknown Vendor,1766154784.083474,1766154784.083474,0.000000,True,1,0,0,0,-74,-74,-74.0,2.4GHz
ee:88:f4:6e:02:7f,Unknown Vendor,1766154806.830212,1766154806.830212,0.000000,True,1,0,0,0,-65,-65,-65.0,2.4GHz
ee:94:d4:04:42:85,Unknown Vendor,1766154737.667299,1766154737.667299,0.000000,True,1,0,0,0,-70,-70,-70.0,2.4GHz
ee:b7:51:ab:08:96,Unknown Vendor,1766154696.795805,1766154696.816060,0.020255,True,2,0,0,0,-48,-53,-50.5,2.4GHz
f2:10:e6:de:f0:d7,Unknown Vendor,1766154771.203183,1766154886.011039,114.807856,True,2,0,0,0,-91,-92,-91.5,5GHz
f4:52:93:e6:3f:88,"Apple, Inc.",1766154706.323224,1766154886.734302,180.411078,False,18,0,0,1,-62,-94,-72.27777777777777,2.4GHz
f6:35:64:ce:95:16,Unknown Vendor,1766154737.807323,1766154737.807323,0.000000,True,1,0,0,0,-88,-88,-88.0,5GHz
f6:3d:ad:df:a9:1e,Unknown Vendor,1766154691.460794,1766154964.021344,272.560550,True,117,0,0,1,-69,-95,-81.63247863247864,5GHz
f6:51:22:48:b9:27,Unknown Vendor,1766154941.824474,1766154941.846398,0.021924,True,2,0,0,0,-70,-73,-71.5,2.4GHz
f6:85:e1:60:ec:62,Unknown Vendor,1766154819.127924,1766154819.127924,0.000000,True,1,0,0,0,-92,-92,-92.0,5GHz
f6:af:4b:04:fe:94,Unknown Vendor,1766154860.004050,1766154860.004050,0.000000,True,1,0,0,0,-77,-77,-77.0,2.4GHz
f6:dd:9b:41:e8:40,Unknown Vendor,1766154860.547301,1766154860.547301,0.000000,True,1,0,0,0,-81,-81,-81.0,2.4GHz
f8:0d:ac:bf:d6:1b,HP Inc.,1766154947.446575,1766154947.446575,0.000000,False,1,0,0,0,-80,-80,-80.0,2.4GHz
fa:0d:ac:bf:56:1b,Unknown Vendor,1766154706.631018,1766154838.930617,132.299599,True,0,0,0,1,-76,-81,-78.0909090909091,2.4GHz
fa:21:d6:77:17:ea,Unknown Vendor,1766154829.824683,1766154829.844962,0.020279,True,2,0,0,0,-68,-70,-69.0,5GHz
fa:8f:b8:60:1f:7b,Unknown Vendor,1766154913.399328,1766154913.419678,0.020350,True,2,0,0,0,-86,-86,-86.0,5GHz
fa:b9:b9:3e:30:a6,Unknown Vendor,1766154949.176059,1766154949.176059,0.000000,True,1,0,0,0,-82,-82,-82.0,5GHz
fe:43:42:64:b1:ab,Unknown Vendor,1766154949.133605,1766154949.133605,0.000000,True,1,0,0,0,-77,-77,-77.0,2.4GHz
fe:5b:f8:49:0a:2e,Unknown Vendor,1766154718.204343,1766154718.204343,0.000000,True,1,0,0,0,-72,-72,-72.0,5GHz
fe:64:ae:ed:6c:12,Unknown Vendor,1766154772.751551,1766154941.575633,168.824082,True,124,0,0,1,-50,-91,-73.49193548387096,2.4GHz
fe:af:c5:2b:22:3d,Unknown Vendor,1766154719.558074,1766154913.363739,193.805665,True,10,0,0,0,-74,-89,-82.1,5GHz
fe:f9:97:ca:b0:45,Unknown Vendor,1766154719.692882,1766154928.893204,209.200322,True,22,0,0,1,-54,-80,-63.90909090909091,2.4GHz
